device_number,device_type,device_status,status_date,bin,borough,house_number,street_name,block,lot,zip_code,latitude,longitude,communitydistrict,citycouncildistrict,bbl,censustract,ntaname,equipment_type,periodic_report_year,cat1_report_year,cat1_latest_report_filed,cat5_latest_report_filed,periodic_latest_inspection
1W5989,Accessibility Lift,Deleted,2007-04-13T00:00:00.000,1000827,Manhattan,55,WALL STREET,27,7501,10005,40.70632,-74.009407,101,01,1000277501,7,Financial District-Battery Park City,,,,,,
1W5299,Accessibility Lift,Active,2022-12-02T00:00:00.000,1000827,Manhattan,55,WALL STREET,27,7501,10005,40.70632,-74.009407,101,01,1000277501,7,Financial District-Battery Park City,PlatformStairwayChairLifts,2026,2026,2026-03-25T00:00:00.000,2013-12-19T00:00:00.000,2026-06-29T00:00:00.000
1P332,Elevator,Active,2019-12-02T00:00:00.000,1000827,Manhattan,55,WALL STREET,27,7501,10005,40.70632,-74.009407,101,01,1000277501,7,Financial District-Battery Park City,,2026,2026,2026-05-05T00:00:00.000,2022-09-14T00:00:00.000,2026-02-02T00:00:00.000
1P324,Elevator,Active,2019-12-02T00:00:00.000,1000827,Manhattan,55,WALL STREET,27,7501,10005,40.70632,-74.009407,101,01,1000277501,7,Financial District-Battery Park City,,2026,2026,2026-05-04T00:00:00.000,2022-09-12T00:00:00.000,2026-02-02T00:00:00.000
1W5997,Accessibility Lift,Deleted,2007-04-17T00:00:00.000,1000827,Manhattan,55,WALL STREET,27,7501,10005,40.70632,-74.009407,101,01,1000277501,7,Financial District-Battery Park City,,,,,,
1E356,Escalator,Removed,1989-06-09T00:00:00.000,1000827,Manhattan,55,WALL STREET,27,7501,10005,40.70632,-74.009407,101,01,1000277501,7,Financial District-Battery Park City,,,,,,
1W5961,Accessibility Lift,Work in Progress,2006-09-07T00:00:00.000,1000827,Manhattan,55,WALL STREET,27,7501,10005,40.70632,-74.009407,101,01,1000277501,7,Financial District-Battery Park City,,,,,,
1P329,Elevator,Removed,2001-01-29T00:00:00.000,1000827,Manhattan,55,WALL STREET,27,7501,10005,40.70632,-74.009407,101,01,1000277501,7,Financial District-Battery Park City,,,,,,
1P323,Elevator,Active,2019-12-02T00:00:00.000,1000827,Manhattan,55,WALL STREET,27,7501,10005,40.70632,-74.009407,101,01,1000277501,7,Financial District-Battery Park City,,2026,2026,2026-05-04T00:00:00.000,2022-09-12T00:00:00.000,2026-02-02T00:00:00.000
1P325,Elevator,Removed,2006-06-13T00:00:00.000,1000827,Manhattan,55,WALL STREET,27,7501,10005,40.70632,-74.009407,101,01,1000277501,7,Financial District-Battery Park City,,,,,,
1P330,Elevator,Active,2019-12-02T00:00:00.000,1000827,Manhattan,55,WALL STREET,27,7501,10005,40.70632,-74.009407,101,01,1000277501,7,Financial District-Battery Park City,,2026,2026,2026-05-04T00:00:00.000,2022-09-13T00:00:00.000,2026-02-02T00:00:00.000
1W5994,Accessibility Lift,Deleted,2007-04-13T00:00:00.000,1000827,Manhattan,55,WALL STREET,27,7501,10005,40.70632,-74.009407,101,01,1000277501,7,Financial District-Battery Park City,,,,,,
1W5990,Accessibility Lift,Deleted,2007-04-17T00:00:00.000,1000827,Manhattan,55,WALL STREET,27,7501,10005,40.70632,-74.009407,101,01,1000277501,7,Financial District-Battery Park City,,,,,,
1P331,Elevator,Active,2019-12-02T00:00:00.000,1000827,Manhattan,55,WALL STREET,27,7501,10005,40.70632,-74.009407,101,01,1000277501,7,Financial District-Battery Park City,,2026,2026,2026-05-04T00:00:00.000,2022-09-13T00:00:00.000,2026-02-02T00:00:00.000
1E355,Escalator,Removed,1989-06-09T00:00:00.000,1000827,Manhattan,55,WALL STREET,27,7501,10005,40.70632,-74.009407,101,01,1000277501,7,Financial District-Battery Park City,,,,,,
1P43980,Elevator,Active,2019-12-02T00:00:00.000,1000827,Manhattan,55,WALL STREET,27,7501,10005,40.70632,-74.009407,101,01,1000277501,7,Financial District-Battery Park City,,2026,2026,2026-05-05T00:00:00.000,1960-01-01T00:00:00.000,2026-02-02T00:00:00.000
1P333,Elevator,Removed,2001-01-29T00:00:00.000,1000827,Manhattan,55,WALL STREET,27,7501,10005,40.70632,-74.009407,101,01,1000277501,7,Financial District-Battery Park City,,,,,,
1S42,Elevator,Dismantled,2016-01-21T00:00:00.000,1000827,Manhattan,55,WALL STREET,27,7501,10005,40.70632,-74.009407,101,01,1000277501,7,Financial District-Battery Park City,,,,,,
1W5996,Accessibility Lift,Deleted,2007-04-17T00:00:00.000,1000827,Manhattan,55,WALL STREET,27,7501,10005,40.70632,-74.009407,101,01,1000277501,7,Financial District-Battery Park City,,,,,,
1W5993,Accessibility Lift,Deleted,2007-04-17T00:00:00.000,1000827,Manhattan,55,WALL STREET,27,7501,10005,40.70632,-74.009407,101,01,1000277501,7,Financial District-Battery Park City,,,,,,
1W5988,Accessibility Lift,Deleted,2007-04-13T00:00:00.000,1000827,Manhattan,55,WALL STREET,27,7501,10005,40.70632,-74.009407,101,01,1000277501,7,Financial District-Battery Park City,,,,,,
1W5991,Accessibility Lift,Deleted,2007-04-17T00:00:00.000,1000827,Manhattan,55,WALL STREET,27,7501,10005,40.70632,-74.009407,101,01,1000277501,7,Financial District-Battery Park City,,,,,,
1P23941,Elevator,Active,2019-12-02T00:00:00.000,1000827,Manhattan,55,WALL STREET,27,7501,10005,40.70632,-74.009407,101,01,1000277501,7,Financial District-Battery Park City,,2026,2026,2026-05-05T00:00:00.000,2022-09-14T00:00:00.000,2026-02-02T00:00:00.000
1W5998,Accessibility Lift,Deleted,2007-04-17T00:00:00.000,1000827,Manhattan,55,WALL STREET,27,7501,10005,40.70632,-74.009407,101,01,1000277501,7,Financial District-Battery Park City,,,,,,
1W5992,Accessibility Lift,Deleted,2007-04-17T00:00:00.000,1000827,Manhattan,55,WALL STREET,27,7501,10005,40.70632,-74.009407,101,01,1000277501,7,Financial District-Battery Park City,,,,,,
1P19123,Elevator,Removed,1997-11-10T00:00:00.000,1001127,Manhattan,15,PLATT STREET,69,7502,10038,40.708173,-74.006464,101,01,1000697502,1502,Financial District-Battery Park City,,,,,,
1P0989333,Elevator,Active,2019-09-20T00:00:00.000,1001127,Manhattan,90,JOHN STREET,69,7502,10038,40.708173,-74.006464,101,01,1000697502,1502,Financial District-Battery Park City,,2025,2026,2026-06-15T00:00:00.000,,2025-09-22T00:00:00.000
1P19126,Elevator,Dismantled,2025-03-24T00:00:00.000,1001127,Manhattan,15,PLATT STREET,69,7502,10038,40.708173,-74.006464,101,01,1000697502,1502,Financial District-Battery Park City,,2026,2022,2022-08-09T00:00:00.000,2018-03-09T00:00:00.000,2026-04-14T00:00:00.000
1P19121,Elevator,Active,2024-03-14T00:00:00.000,1001127,Manhattan,15,PLATT STREET,69,7502,10038,40.708173,-74.006464,101,01,1000697502,1502,Financial District-Battery Park City,ElectricElevators,2026,2026,2026-07-15T00:00:00.000,2022-06-27T00:00:00.000,2026-04-14T00:00:00.000
1P19128,Elevator,Active,2020-12-17T00:00:00.000,1001127,Manhattan,15,PLATT STREET,69,7502,10038,40.708173,-74.006464,101,01,1000697502,1502,Financial District-Battery Park City,,2026,2026,2026-07-15T00:00:00.000,2022-06-28T00:00:00.000,2026-04-14T00:00:00.000
1P19119,Elevator,Active,1988-09-13T00:00:00.000,1001127,Manhattan,15,PLATT STREET,69,7502,10038,40.708173,-74.006464,101,01,1000697502,1502,Financial District-Battery Park City,,2026,2026,2026-07-15T00:00:00.000,2026-06-23T00:00:00.000,2026-04-14T00:00:00.000
1P47575,Elevator,Active,2014-04-16T00:00:00.000,1001127,Manhattan,15,PLATT STREET,69,7502,10038,40.708173,-74.006464,101,01,1000697502,1502,Financial District-Battery Park City,,2022,2026,2026-07-15T00:00:00.000,2024-12-31T00:00:00.000,2022-10-04T00:00:00.000
1P19120,Elevator,Active,2024-03-14T00:00:00.000,1001127,Manhattan,15,PLATT STREET,69,7502,10038,40.708173,-74.006464,101,01,1000697502,1502,Financial District-Battery Park City,ElectricElevators,2026,2026,2026-07-15T00:00:00.000,2022-03-09T00:00:00.000,2026-04-14T00:00:00.000
1P19124,Elevator,Removed,1997-11-10T00:00:00.000,1001127,Manhattan,15,PLATT STREET,69,7502,10038,40.708173,-74.006464,101,01,1000697502,1502,Financial District-Battery Park City,,,,,,
1W6492,Accessibility Lift,Active,2015-08-27T00:00:00.000,1001127,Manhattan,15,PLATT STREET,69,7502,10038,40.708173,-74.006464,101,01,1000697502,1502,Financial District-Battery Park City,,2025,2026,2026-08-12T00:00:00.000,,2025-09-15T00:00:00.000
1S159,Elevator,Removed,2001-01-24T00:00:00.000,1001127,Manhattan,15,PLATT STREET,69,7502,10038,40.708173,-74.006464,101,01,1000697502,1502,Financial District-Battery Park City,,,,,,
1P19125,Elevator,Dismantled,2024-08-07T00:00:00.000,1001127,Manhattan,15,PLATT STREET,69,7502,10038,40.708173,-74.006464,101,01,1000697502,1502,Financial District-Battery Park City,,2026,2023,2023-12-14T00:00:00.000,2022-06-28T00:00:00.000,2026-04-14T00:00:00.000
1P19127,Elevator,Dismantled,2024-08-09T00:00:00.000,1001127,Manhattan,15,PLATT STREET,69,7502,10038,40.708173,-74.006464,101,01,1000697502,1502,Financial District-Battery Park City,,2026,2023,2023-12-14T00:00:00.000,2022-06-28T00:00:00.000,2026-04-14T00:00:00.000
1P19129,Elevator,Removed,2015-07-17T00:00:00.000,1001127,Manhattan,15,PLATT STREET,69,7502,10038,40.708173,-74.006464,101,01,1000697502,1502,Financial District-Battery Park City,,,,,,
1P19122,Elevator,Active,2024-06-12T00:00:00.000,1001127,Manhattan,15,PLATT STREET,69,7502,10038,40.708173,-74.006464,101,01,1000697502,1502,Financial District-Battery Park City,ElectricElevators,2026,2025,2025-09-22T00:00:00.000,2022-03-09T00:00:00.000,2026-04-14T00:00:00.000
1P0994546,Elevator,Active,2022-10-20T00:00:00.000,1001232,Manhattan,217,BROADWAY,88,1,10007,40.711437,-74.008574,101,01,1000880001,21,Tribeca-Civic Center,HydraulicElevators,2025,2025,2025-12-01T00:00:00.000,,2025-08-28T00:00:00.000
1P1297,Elevator,Active,2021-06-23T00:00:00.000,1001232,Manhattan,217,BROADWAY,88,1,10007,40.711437,-74.008574,101,01,1000880001,21,Tribeca-Civic Center,,2026,2025,2025-11-19T00:00:00.000,2024-03-12T00:00:00.000,2026-03-05T00:00:00.000
1S204,Elevator,Active,1994-10-14T00:00:00.000,1001232,Manhattan,217,BROADWAY,88,1,10007,40.711437,-74.008574,101,01,1000880001,21,Tribeca-Civic Center,,2026,2025,2025-11-20T00:00:00.000,2024-03-12T00:00:00.000,2026-03-05T00:00:00.000
1E0994631,Escalator,Active,2022-12-01T00:00:00.000,1001232,Manhattan,217,BROADWAY,88,1,10007,40.711437,-74.008574,101,01,1000880001,21,Tribeca-Civic Center,EscalatorsMovingWalks,2026,2026,2026-07-21T00:00:00.000,,2026-04-06T00:00:00.000
1E0994630,Escalator,Active,2022-11-30T00:00:00.000,1001232,Manhattan,217,BROADWAY,88,1,10007,40.711437,-74.008574,101,01,1000880001,21,Tribeca-Civic Center,EscalatorsMovingWalks,2026,2026,2026-07-21T00:00:00.000,,2026-04-06T00:00:00.000
1P1295,Elevator,Active,2021-06-23T00:00:00.000,1001232,Manhattan,217,BROADWAY,88,1,10007,40.711437,-74.008574,101,01,1000880001,21,Tribeca-Civic Center,,2026,2025,2025-11-19T00:00:00.000,2024-10-29T00:00:00.000,2026-03-05T00:00:00.000
1P1298,Elevator,Active,2021-06-23T00:00:00.000,1001232,Manhattan,217,BROADWAY,88,1,10007,40.711437,-74.008574,101,01,1000880001,21,Tribeca-Civic Center,,2026,2025,2025-11-19T00:00:00.000,2024-03-11T00:00:00.000,2026-03-05T00:00:00.000
1P1296,Elevator,Active,2021-06-23T00:00:00.000,1001232,Manhattan,217,BROADWAY,88,1,10007,40.711437,-74.008574,101,01,1000880001,21,Tribeca-Civic Center,,2026,2025,2025-11-19T00:00:00.000,2024-03-11T00:00:00.000,2026-03-05T00:00:00.000
1P34168,Elevator,Active,2022-07-27T00:00:00.000,1006826,Manhattan,75,3 AVENUE,467,1,10003,40.731415,-73.988533,103,02,1004670001,4002,East Village,ElectricElevators,2026,2026,2026-02-26T00:00:00.000,2023-04-25T00:00:00.000,2026-05-31T00:00:00.000
1P34176,Elevator,Active,2022-05-13T00:00:00.000,1006826,Manhattan,75,3 AVENUE,467,1,10003,40.731415,-73.988533,103,02,1004670001,4002,East Village,ElectricElevators,2026,2026,2026-02-27T00:00:00.000,2023-04-26T00:00:00.000,2026-05-31T00:00:00.000
1F5573,Elevator,Active,2020-02-15T00:00:00.000,1006826,Manhattan,75,3 AVENUE,467,1,10003,40.731415,-73.988533,103,02,1004670001,4002,East Village,,2026,2026,2026-02-27T00:00:00.000,,2026-05-31T00:00:00.000
1P34174,Elevator,Active,2022-04-21T00:00:00.000,1006826,Manhattan,75,3 AVENUE,467,1,10003,40.731415,-73.988533,103,02,1004670001,4002,East Village,ElectricElevators,2026,2026,2026-02-26T00:00:00.000,2023-04-25T00:00:00.000,2026-05-31T00:00:00.000
1P34175,Elevator,Active,2022-07-20T00:00:00.000,1006826,Manhattan,75,3 AVENUE,467,1,10003,40.731415,-73.988533,103,02,1004670001,4002,East Village,ElectricElevators,2026,2026,2026-02-27T00:00:00.000,2023-04-26T00:00:00.000,2026-05-31T00:00:00.000
1P34173,Elevator,Active,2022-08-19T00:00:00.000,1006826,Manhattan,75,3 AVENUE,467,1,10003,40.731415,-73.988533,103,02,1004670001,4002,East Village,ElectricElevators,2026,2026,2026-02-26T00:00:00.000,2023-04-24T00:00:00.000,2026-05-31T00:00:00.000
1P34177,Elevator,Active,2020-04-29T00:00:00.000,1006826,Manhattan,75,3 AVENUE,467,1,10003,40.731415,-73.988533,103,02,1004670001,4002,East Village,,2026,2026,2026-02-27T00:00:00.000,2016-10-27T00:00:00.000,2026-05-31T00:00:00.000
1P34172,Elevator,Active,2022-04-20T00:00:00.000,1006826,Manhattan,75,3 AVENUE,467,1,10003,40.731415,-73.988533,103,02,1004670001,4002,East Village,ElectricElevators,2026,2026,2026-02-26T00:00:00.000,2023-04-24T00:00:00.000,2026-05-31T00:00:00.000
1P16379,Elevator,Active,1988-07-11T00:00:00.000,1007825,Manhattan,160,VARICK STREET,506,7501,10013,40.726615,-74.005617,102,03,1005067501,37,SoHo-Little Italy-Hudson Square,,2026,2026,2026-03-19T00:00:00.000,2024-01-23T00:00:00.000,2026-07-24T00:00:00.000
1P17713,Elevator,Active,2019-11-21T00:00:00.000,1007825,Manhattan,170,VARICK STREET,506,7501,10013,40.726615,-74.005617,102,03,1005067501,37,SoHo-Little Italy-Hudson Square,,2026,2026,2026-03-19T00:00:00.000,2023-01-06T00:00:00.000,2026-07-24T00:00:00.000
1P16377,Elevator,Active,2020-11-11T00:00:00.000,1007825,Manhattan,160,VARICK STREET,506,7501,10013,40.726615,-74.005617,102,03,1005067501,37,SoHo-Little Italy-Hudson Square,,2026,2026,2026-02-24T00:00:00.000,2025-01-06T00:00:00.000,2026-07-24T00:00:00.000
1F1819,Elevator,Removed,1988-08-04T00:00:00.000,1007825,Manhattan,160,VARICK STREET,506,7501,10013,40.726615,-74.005617,102,03,1005067501,37,SoHo-Little Italy-Hudson Square,,,2018,2018-03-09T00:00:00.000,2014-02-08T00:00:00.000,
1P17712,Elevator,Active,2020-09-17T00:00:00.000,1007825,Manhattan,170,VARICK STREET,506,7501,10013,40.726615,-74.005617,102,03,1005067501,37,SoHo-Little Italy-Hudson Square,,2026,2026,2026-02-24T00:00:00.000,2025-01-07T00:00:00.000,2026-07-24T00:00:00.000
1P17711,Elevator,Active,2021-01-13T00:00:00.000,1007825,Manhattan,170,VARICK STREET,506,7501,10013,40.726615,-74.005617,102,03,1005067501,37,SoHo-Little Italy-Hudson Square,,2026,2026,2026-02-24T00:00:00.000,2025-01-07T00:00:00.000,2026-07-24T00:00:00.000
1P16376,Elevator,Active,2021-03-19T00:00:00.000,1007825,Manhattan,160,VARICK STREET,506,7501,10013,40.726615,-74.005617,102,03,1005067501,37,SoHo-Little Italy-Hudson Square,,2026,2026,2026-02-24T00:00:00.000,2025-01-06T00:00:00.000,2026-07-24T00:00:00.000
1P44714,Elevator,Active,2021-10-05T00:00:00.000,1007825,Manhattan,160,VARICK STREET,506,7501,10013,40.726615,-74.005617,102,03,1005067501,37,SoHo-Little Italy-Hudson Square,,2026,2026,2026-03-19T00:00:00.000,2023-01-03T00:00:00.000,2026-07-24T00:00:00.000
1P50359,Elevator,Active,2017-11-27T00:00:00.000,1007825,Manhattan,160,VARICK STREET,506,7501,10013,40.726615,-74.005617,102,03,1005067501,37,SoHo-Little Italy-Hudson Square,,2026,2026,2026-03-19T00:00:00.000,2024-01-23T00:00:00.000,2026-07-24T00:00:00.000
1F1820,Elevator,Removed,2008-03-11T00:00:00.000,1007825,Manhattan,170,VARICK STREET,506,7501,10013,40.726615,-74.005617,102,03,1005067501,37,SoHo-Little Italy-Hudson Square,,,,,,
1P16378,Elevator,Removed,2007-02-09T00:00:00.000,1007825,Manhattan,160,VARICK STREET,506,7501,10013,40.726615,-74.005617,102,03,1005067501,37,SoHo-Little Italy-Hudson Square,,,,,,
1P2555,Elevator,Active,2020-03-19T00:00:00.000,1007956,Manhattan,599,BROADWAY,512,7502,10012,40.725021,-73.997132,102,01,1005127502,49,SoHo-Little Italy-Hudson Square,,2026,2025,2025-05-09T00:00:00.000,2023-06-22T00:00:00.000,2026-02-10T00:00:00.000
1F10289,Elevator,Active,2010-10-29T00:00:00.000,1007956,Manhattan,599,BROADWAY,512,7502,10012,40.725021,-73.997132,102,01,1005127502,49,SoHo-Little Italy-Hudson Square,,2026,2025,2025-12-17T00:00:00.000,2025-05-22T00:00:00.000,2026-07-02T00:00:00.000
1P46473,Elevator,Active,2010-10-28T00:00:00.000,1007956,Manhattan,599,BROADWAY,512,7502,10012,40.725021,-73.997132,102,01,1005127502,49,SoHo-Little Italy-Hudson Square,,2026,2025,2025-12-17T00:00:00.000,2025-05-22T00:00:00.000,2026-07-02T00:00:00.000
1F1850,Elevator,Active,1988-07-11T00:00:00.000,1007956,Manhattan,599,BROADWAY,512,7502,10012,40.725021,-73.997132,102,01,1005127502,49,SoHo-Little Italy-Hudson Square,,2026,2025,2025-05-09T00:00:00.000,2023-06-21T00:00:00.000,2026-02-10T00:00:00.000
1F1851,Elevator,Removed,2010-11-18T00:00:00.000,1007956,Manhattan,599,BROADWAY,512,7502,10012,40.725021,-73.997132,102,01,1005127502,49,SoHo-Little Italy-Hudson Square,,,,,,
1E20876,Escalator,Active,2011-08-22T00:00:00.000,1007956,Manhattan,599,BROADWAY,512,7502,10012,40.725021,-73.997132,102,01,1005127502,49,SoHo-Little Italy-Hudson Square,,2025,2023,2023-12-14T00:00:00.000,,2025-03-05T00:00:00.000
1E20875,Escalator,Active,2011-08-22T00:00:00.000,1007956,Manhattan,599,BROADWAY,512,7502,10012,40.725021,-73.997132,102,01,1005127502,49,SoHo-Little Italy-Hudson Square,,2025,2023,2023-12-14T00:00:00.000,,2025-03-05T00:00:00.000
1P2444,Elevator,Active,2020-03-19T00:00:00.000,1007956,Manhattan,599,BROADWAY,512,7502,10012,40.725021,-73.997132,102,01,1005127502,49,SoHo-Little Italy-Hudson Square,,2026,2025,2025-05-09T00:00:00.000,2023-06-22T00:00:00.000,2026-02-10T00:00:00.000
1F1849,Elevator,Active,1988-07-11T00:00:00.000,1007956,Manhattan,599,BROADWAY,512,7502,10012,40.725021,-73.997132,102,01,1005127502,49,SoHo-Little Italy-Hudson Square,,2026,2025,2025-05-09T00:00:00.000,2023-06-21T00:00:00.000,2026-02-10T00:00:00.000
1W0993071,Accessibility Lift,Active,2021-10-06T00:00:00.000,1012154,Manhattan,113,HORATIO STREET,643,1,10014,40.738755,-74.008899,102,03,1006430001,79,West Village,PlatformStairwayChairLifts,2026,2025,2025-02-18T00:00:00.000,2021-10-05T00:00:00.000,2026-06-18T00:00:00.000
1F2435,Elevator,Removed,2001-02-09T00:00:00.000,1012154,Manhattan,521,WEST STREET,643,1,10014,40.738755,-74.008899,102,03,1006430001,79,West Village,,,,,,
1F2428,Elevator,Removed,2001-02-09T00:00:00.000,1012154,Manhattan,521,WEST STREET,643,1,10014,40.738755,-74.008899,102,03,1006430001,79,West Village,,,,,,
1F2427,Elevator,Removed,2001-02-09T00:00:00.000,1012154,Manhattan,521,WEST STREET,643,1,10014,40.738755,-74.008899,102,03,1006430001,79,West Village,,,,,,
1S1435,Elevator,Removed,2001-05-23T00:00:00.000,1012154,Manhattan,521,WEST STREET,643,1,10014,40.738755,-74.008899,102,03,1006430001,79,West Village,,,,,,
1V24095,Accessibility Lift,Active,2018-08-14T00:00:00.000,1012154,Manhattan,521,WEST STREET,643,1,10014,40.738755,-74.008899,102,03,1006430001,79,West Village,,2026,2026,2026-03-10T00:00:00.000,2018-11-30T00:00:00.000,2026-08-12T00:00:00.000
1S1436,Elevator,Removed,2001-05-23T00:00:00.000,1012154,Manhattan,521,WEST STREET,643,1,10014,40.738755,-74.008899,102,03,1006430001,79,West Village,,,,,,
1P31778,Elevator,Active,2019-09-17T00:00:00.000,1012154,Manhattan,521,WEST STREET,643,1,10014,40.738755,-74.008899,102,03,1006430001,79,West Village,,2025,2026,2026-06-03T00:00:00.000,2022-03-09T00:00:00.000,2025-12-17T00:00:00.000
1F2434,Elevator,Removed,2001-02-09T00:00:00.000,1012154,Manhattan,521,WEST STREET,643,1,10014,40.738755,-74.008899,102,03,1006430001,79,West Village,,,,,,
1F2433,Elevator,Removed,2001-02-09T00:00:00.000,1012154,Manhattan,521,WEST STREET,643,1,10014,40.738755,-74.008899,102,03,1006430001,79,West Village,,,,,,
1F2430,Elevator,Removed,2001-02-09T00:00:00.000,1012154,Manhattan,521,WEST STREET,643,1,10014,40.738755,-74.008899,102,03,1006430001,79,West Village,,,,,,
1P31776,Elevator,Active,2019-09-17T00:00:00.000,1012154,Manhattan,521,WEST STREET,643,1,10014,40.738755,-74.008899,102,03,1006430001,79,West Village,,2025,2026,2026-06-03T00:00:00.000,2022-03-08T00:00:00.000,2025-12-17T00:00:00.000
1F2429,Elevator,Removed,2001-02-09T00:00:00.000,1012154,Manhattan,521,WEST STREET,643,1,10014,40.738755,-74.008899,102,03,1006430001,79,West Village,,,,,,
1F2432,Elevator,Removed,2001-02-09T00:00:00.000,1012154,Manhattan,521,WEST STREET,643,1,10014,40.738755,-74.008899,102,03,1006430001,79,West Village,,,,,,
1W1000057,Accessibility Lift,Active,2024-09-18T00:00:00.000,1012154,Manhattan,107,HORATIO STREET,643,1,10014,40.738755,-74.008899,102,03,1006430001,79,West Village,PlatformStairwayChairLifts,2025,2025,2025-03-31T00:00:00.000,2024-09-17T00:00:00.000,2025-07-08T00:00:00.000
1P31779,Elevator,Active,2019-09-17T00:00:00.000,1012154,Manhattan,521,WEST STREET,643,1,10014,40.738755,-74.008899,102,03,1006430001,79,West Village,,2025,2026,2026-06-03T00:00:00.000,2022-03-09T00:00:00.000,2025-12-17T00:00:00.000
1F2431,Elevator,Removed,2002-11-22T00:00:00.000,1012154,Manhattan,521,WEST STREET,643,1,10014,40.738755,-74.008899,102,03,1006430001,79,West Village,,,,,,
1P31777,Elevator,Active,2019-09-17T00:00:00.000,1012154,Manhattan,521,WEST STREET,643,1,10014,40.738755,-74.008899,102,03,1006430001,79,West Village,,2025,2026,2026-06-03T00:00:00.000,2022-03-08T00:00:00.000,2025-12-17T00:00:00.000
1P48017,Elevator,Active,2019-09-17T00:00:00.000,1012154,Manhattan,521,WEST STREET,643,1,10014,40.738755,-74.008899,102,03,1006430001,79,West Village,,2025,2026,2026-06-03T00:00:00.000,2017-04-25T00:00:00.000,2025-12-17T00:00:00.000
1P44033,Elevator,Active,2019-12-11T00:00:00.000,1012834,Manhattan,406,WEST   31 STREET,728,42,10001,40.751873,-73.998621,104,03,1007280042,103,Chelsea-Hudson Yards,,2026,2025,2025-06-26T00:00:00.000,2022-07-12T00:00:00.000,2026-07-01T00:00:00.000
1P44032,Elevator,Active,2019-12-11T00:00:00.000,1012834,Manhattan,406,WEST   31 STREET,728,42,10001,40.751873,-73.998621,104,03,1007280042,103,Chelsea-Hudson Yards,,2026,2025,2025-06-26T00:00:00.000,2022-06-30T00:00:00.000,2026-07-01T00:00:00.000
1P44031,Elevator,Active,2019-12-11T00:00:00.000,1012834,Manhattan,406,WEST   31 STREET,728,42,10001,40.751873,-73.998621,104,03,1007280042,103,Chelsea-Hudson Yards,,2026,2025,2025-06-26T00:00:00.000,2022-06-30T00:00:00.000,2026-07-01T00:00:00.000
1P44052,Elevator,Active,2019-12-11T00:00:00.000,1012834,Manhattan,406,WEST   31 STREET,728,42,10001,40.751873,-73.998621,104,03,1007280042,103,Chelsea-Hudson Yards,,2026,2025,2025-06-26T00:00:00.000,2022-07-12T00:00:00.000,2026-07-01T00:00:00.000
1P5289,Elevator,Active,1991-02-26T00:00:00.000,1012834,Manhattan,406,WEST   31 STREET,728,42,10001,40.751873,-73.998621,104,03,1007280042,103,Chelsea-Hudson Yards,,2026,2025,2025-06-27T00:00:00.000,2023-07-10T00:00:00.000,2026-07-02T00:00:00.000
1P5291,Elevator,Active,1988-07-11T00:00:00.000,1012834,Manhattan,406,WEST   31 STREET,728,42,10001,40.751873,-73.998621,104,03,1007280042,103,Chelsea-Hudson Yards,,2026,2025,2025-06-27T00:00:00.000,2023-07-10T00:00:00.000,2026-07-02T00:00:00.000
1W5928,Accessibility Lift,Active,2010-01-11T00:00:00.000,1012834,Manhattan,406,WEST   31 STREET,728,42,10001,40.751873,-73.998621,104,03,1007280042,103,Chelsea-Hudson Yards,,2026,2025,2025-06-27T00:00:00.000,,2026-07-02T00:00:00.000
1P5290,Elevator,Active,1988-07-11T00:00:00.000,1012834,Manhattan,406,WEST   31 STREET,728,42,10001,40.751873,-73.998621,104,03,1007280042,103,Chelsea-Hudson Yards,,2026,2025,2025-06-27T00:00:00.000,2023-07-10T00:00:00.000,2026-07-02T00:00:00.000
1P5297,Elevator,Removed,2006-09-19T00:00:00.000,1012834,Manhattan,406,WEST   31 STREET,728,42,10001,40.751873,-73.998621,104,03,1007280042,103,Chelsea-Hudson Yards,,,,,,
1P5293,Elevator,Removed,2006-09-19T00:00:00.000,1012834,Manhattan,406,WEST   31 STREET,728,42,10001,40.751873,-73.998621,104,03,1007280042,103,Chelsea-Hudson Yards,,,,,,
1V20438,Personnel Hoist,Deleted,2007-02-01T00:00:00.000,1012834,Manhattan,406,WEST   31 STREET,728,42,10001,40.751873,-73.998621,104,03,1007280042,103,Chelsea-Hudson Yards,,,,,,
1P5295,Elevator,Removed,2006-09-19T00:00:00.000,1012834,Manhattan,406,WEST   31 STREET,728,42,10001,40.751873,-73.998621,104,03,1007280042,103,Chelsea-Hudson Yards,,,,,,
1P5294,Elevator,Removed,2006-09-19T00:00:00.000,1012834,Manhattan,406,WEST   31 STREET,728,42,10001,40.751873,-73.998621,104,03,1007280042,103,Chelsea-Hudson Yards,,,,,,
1P5292,Elevator,Removed,2007-01-04T00:00:00.000,1012834,Manhattan,406,WEST   31 STREET,728,42,10001,40.751873,-73.998621,104,03,1007280042,103,Chelsea-Hudson Yards,,,,,,
1V21439,Personnel Hoist,Removed,2008-02-08T00:00:00.000,1012834,Manhattan,406,WEST   31 STREET,728,42,10001,40.751873,-73.998621,104,03,1007280042,103,Chelsea-Hudson Yards,,,,,,
1P5296,Elevator,Removed,2006-09-19T00:00:00.000,1012834,Manhattan,406,WEST   31 STREET,728,42,10001,40.751873,-73.998621,104,03,1007280042,103,Chelsea-Hudson Yards,,,,,,
1V21440,Personnel Hoist,Removed,2008-03-21T00:00:00.000,1012834,Manhattan,406,WEST   31 STREET,728,42,10001,40.751873,-73.998621,104,03,1007280042,103,Chelsea-Hudson Yards,,,,,,
1P6483,Elevator,Active,2021-11-23T00:00:00.000,1014499,Manhattan,231,WEST   39 STREET,789,21,10018,40.754576,-73.989363,105,03,1007890021,113,Midtown-Times Square,,2025,2026,2026-07-07T00:00:00.000,2024-06-11T00:00:00.000,2025-05-06T00:00:00.000
1P6487,Elevator,Active,2021-11-23T00:00:00.000,1014499,Manhattan,243,WEST   39 STREET,789,21,10018,40.754576,-73.989363,105,03,1007890021,113,Midtown-Times Square,,2025,2026,2026-07-07T00:00:00.000,2025-04-25T00:00:00.000,2025-05-06T00:00:00.000
1F2919,Elevator,Active,1999-07-07T00:00:00.000,1014499,Manhattan,231,WEST   39 STREET,789,21,10018,40.754576,-73.989363,105,03,1007890021,113,Midtown-Times Square,,2025,2026,2026-07-07T00:00:00.000,2024-09-04T00:00:00.000,2025-05-06T00:00:00.000
1F2920,Elevator,Active,1988-08-02T00:00:00.000,1014499,Manhattan,231,WEST   39 STREET,789,21,10018,40.754576,-73.989363,105,03,1007890021,113,Midtown-Times Square,,2025,2026,2026-07-07T00:00:00.000,2024-12-02T00:00:00.000,2025-05-06T00:00:00.000
1P6482,Elevator,Active,2021-11-23T00:00:00.000,1014499,Manhattan,231,WEST   39 STREET,789,21,10018,40.754576,-73.989363,105,03,1007890021,113,Midtown-Times Square,,2025,2026,2026-07-07T00:00:00.000,2024-09-04T00:00:00.000,2025-05-06T00:00:00.000
1W0987823,Accessibility Lift,Active,2019-06-19T00:00:00.000,1014499,Manhattan,231,WEST 39 STREET,789,21,10018,40.754576,-73.989363,105,03,1007890021,113,Midtown-Times Square,PlatformStairwayChairLifts,2025,2026,2026-07-07T00:00:00.000,2019-06-18T00:00:00.000,2025-05-06T00:00:00.000
1P6484,Elevator,Active,2021-11-23T00:00:00.000,1014499,Manhattan,231,WEST   39 STREET,789,21,10018,40.754576,-73.989363,105,03,1007890021,113,Midtown-Times Square,,2025,2026,2026-07-07T00:00:00.000,2024-06-11T00:00:00.000,2025-05-06T00:00:00.000
1P6486,Elevator,Active,2021-11-23T00:00:00.000,1014499,Manhattan,243,WEST   39 STREET,789,21,10018,40.754576,-73.989363,105,03,1007890021,113,Midtown-Times Square,,2025,2026,2026-07-07T00:00:00.000,2025-04-25T00:00:00.000,2025-05-06T00:00:00.000
1P6485,Elevator,Dismantled,1999-07-07T00:00:00.000,1014499,Manhattan,231,WEST   39 STREET,789,21,10018,40.754576,-73.989363,105,03,1007890021,113,Midtown-Times Square,,,,,,
1V60,Personnel Hoist,Removed,2012-04-16T00:00:00.000,1014499,Manhattan,243,WEST   39 STREET,789,21,10018,40.754576,-73.989363,105,03,1007890021,113,Midtown-Times Square,,,,,,
1E797,Escalator,Removed,2015-08-21T00:00:00.000,1014572,Manhattan,101,SEVENTH AVENUE,792,7504,10011,40.739966,-73.99864,104,03,1007927504,81,Chelsea-Hudson Yards,,,,,,
1W5020,Accessibility Lift,Active,2008-05-15T00:00:00.000,1014572,Manhattan,101,SEVENTH AVENUE,792,7504,10011,40.739966,-73.99864,104,03,1007927504,81,Chelsea-Hudson Yards,,,,,,
1E798,Escalator,Removed,2015-08-21T00:00:00.000,1014572,Manhattan,101,SEVENTH AVENUE,792,7504,10011,40.739966,-73.99864,104,03,1007927504,81,Chelsea-Hudson Yards,,,,,,
1P19159,Elevator,Active,2020-09-29T00:00:00.000,1014572,Manhattan,101,SEVENTH AVENUE,792,7504,10011,40.739966,-73.99864,104,03,1007927504,81,Chelsea-Hudson Yards,,2026,2026,2026-01-09T00:00:00.000,2023-05-02T00:00:00.000,2026-06-03T00:00:00.000
1W6936,Accessibility Lift,Active,2016-03-25T00:00:00.000,1014572,Manhattan,101,SEVENTH AVENUE,792,7504,10011,40.739966,-73.99864,104,03,1007927504,81,Chelsea-Hudson Yards,,2025,2026,2026-06-29T00:00:00.000,,2025-09-17T00:00:00.000
1E20045,Escalator,Removed,2015-08-21T00:00:00.000,1014572,Manhattan,101,SEVENTH AVENUE,792,7504,10011,40.739966,-73.99864,104,03,1007927504,81,Chelsea-Hudson Yards,,,,,,
1P40099,Elevator,Active,1997-01-21T00:00:00.000,1014572,Manhattan,101,SEVENTH AVENUE,792,7504,10011,40.739966,-73.99864,104,03,1007927504,81,Chelsea-Hudson Yards,,2025,2025,2025-12-30T00:00:00.000,,2025-04-03T00:00:00.000
1P19160,Elevator,Active,2020-09-02T00:00:00.000,1014572,Manhattan,101,SEVENTH AVENUE,792,7504,10011,40.739966,-73.99864,104,03,1007927504,81,Chelsea-Hudson Yards,,2026,2026,2026-01-09T00:00:00.000,2023-05-02T00:00:00.000,2026-06-03T00:00:00.000
1E665,Escalator,Removed,2015-08-21T00:00:00.000,1014572,Manhattan,101,SEVENTH AVENUE,792,7504,10011,40.739966,-73.99864,104,03,1007927504,81,Chelsea-Hudson Yards,,,,,,
1P48781,Elevator,Active,2016-01-20T00:00:00.000,1014572,Manhattan,101,SEVENTH AVENUE,792,7504,10011,40.739966,-73.99864,104,03,1007927504,81,Chelsea-Hudson Yards,,2025,2025,2025-12-30T00:00:00.000,2022-06-28T00:00:00.000,2025-04-03T00:00:00.000
1E664,Escalator,Removed,2015-08-21T00:00:00.000,1014572,Manhattan,101,SEVENTH AVENUE,792,7504,10011,40.739966,-73.99864,104,03,1007927504,81,Chelsea-Hudson Yards,,,,,,
1P19158,Elevator,Active,2020-09-29T00:00:00.000,1014572,Manhattan,101,SEVENTH AVENUE,792,7504,10011,40.739966,-73.99864,104,03,1007927504,81,Chelsea-Hudson Yards,,2026,2026,2026-01-09T00:00:00.000,2023-05-02T00:00:00.000,2026-06-03T00:00:00.000
1E20044,Escalator,Removed,2015-08-21T00:00:00.000,1014572,Manhattan,101,SEVENTH AVENUE,792,7504,10011,40.739966,-73.99864,104,03,1007927504,81,Chelsea-Hudson Yards,,,,,,
1P48782,Elevator,Active,2016-01-29T00:00:00.000,1014572,Manhattan,101,SEVENTH AVENUE,792,7504,10011,40.739966,-73.99864,104,03,1007927504,81,Chelsea-Hudson Yards,,2025,2025,2025-12-30T00:00:00.000,2022-06-28T00:00:00.000,2025-04-03T00:00:00.000
1W6850,Accessibility Lift,Active,2015-08-11T00:00:00.000,1016900,Manhattan,79,MADISON AVENUE,858,22,10016,40.744096,-73.985619,105,02,1008580022,74,Midtown South-Flatiron-Union Square,,2026,2026,2026-07-28T00:00:00.000,,2026-02-10T00:00:00.000
1P14438,Elevator,Active,2020-03-27T00:00:00.000,1016900,Manhattan,79,MADISON AVENUE,858,22,10016,40.744096,-73.985619,105,02,1008580022,74,Midtown South-Flatiron-Union Square,,2026,2026,2026-07-28T00:00:00.000,2025-01-15T00:00:00.000,2026-02-10T00:00:00.000
1P14434,Elevator,Active,2020-03-27T00:00:00.000,1016900,Manhattan,79,MADISON AVENUE,858,22,10016,40.744096,-73.985619,105,02,1008580022,74,Midtown South-Flatiron-Union Square,,2026,2026,2026-07-28T00:00:00.000,2025-01-13T00:00:00.000,2026-02-10T00:00:00.000
1P14439,Elevator,Active,2020-03-27T00:00:00.000,1016900,Manhattan,79,MADISON AVENUE,858,22,10016,40.744096,-73.985619,105,02,1008580022,74,Midtown South-Flatiron-Union Square,,2026,2026,2026-07-28T00:00:00.000,2025-01-15T00:00:00.000,2026-02-10T00:00:00.000
1P14440,Elevator,Active,2020-03-27T00:00:00.000,1016900,Manhattan,79,MADISON AVENUE,858,22,10016,40.744096,-73.985619,105,02,1008580022,74,Midtown South-Flatiron-Union Square,,2026,2026,2026-07-27T00:00:00.000,2025-01-16T00:00:00.000,2026-02-10T00:00:00.000
1P14435,Elevator,Active,2020-03-27T00:00:00.000,1016900,Manhattan,79,MADISON AVENUE,858,22,10016,40.744096,-73.985619,105,02,1008580022,74,Midtown South-Flatiron-Union Square,,2026,2026,2026-07-27T00:00:00.000,2025-01-13T00:00:00.000,2026-02-10T00:00:00.000
1P14436,Elevator,Active,2020-03-27T00:00:00.000,1016900,Manhattan,79,MADISON AVENUE,858,22,10016,40.744096,-73.985619,105,02,1008580022,74,Midtown South-Flatiron-Union Square,,2026,2026,2026-07-27T00:00:00.000,2025-01-14T00:00:00.000,2026-02-10T00:00:00.000
1P14437,Elevator,Active,2020-03-27T00:00:00.000,1016900,Manhattan,79,MADISON AVENUE,858,22,10016,40.744096,-73.985619,105,02,1008580022,74,Midtown South-Flatiron-Union Square,,2026,2026,2026-07-27T00:00:00.000,2025-01-14T00:00:00.000,2026-02-10T00:00:00.000
1F3251,Elevator,Removed,2015-01-21T00:00:00.000,1016900,Manhattan,79,MADISON AVENUE,858,22,10016,40.744096,-73.985619,105,02,1008580022,74,Midtown South-Flatiron-Union Square,,,,,,
1P47361,Elevator,Active,2020-12-11T00:00:00.000,1022578,Manhattan,136,WEST   42 STREET,994,7503,10036,40.755338,-73.985313,105,04,1009947503,113,Midtown-Times Square,,2025,2026,2026-07-07T00:00:00.000,2024-05-23T00:00:00.000,2025-09-30T00:00:00.000
1P47359,Elevator,Active,2020-12-11T00:00:00.000,1022578,Manhattan,136,WEST   42 STREET,994,7503,10036,40.755338,-73.985313,105,04,1009947503,113,Midtown-Times Square,,2025,2026,2026-07-07T00:00:00.000,2024-05-23T00:00:00.000,2025-09-30T00:00:00.000
1P47360,Elevator,Active,2020-12-11T00:00:00.000,1022578,Manhattan,136,WEST   42 STREET,994,7503,10036,40.755338,-73.985313,105,04,1009947503,113,Midtown-Times Square,,2025,2026,2026-07-07T00:00:00.000,2024-05-23T00:00:00.000,2025-09-30T00:00:00.000
1P47362,Elevator,Active,2020-12-11T00:00:00.000,1022578,Manhattan,136,WEST   42 STREET,994,7503,10036,40.755338,-73.985313,105,04,1009947503,113,Midtown-Times Square,,2025,2026,2026-07-07T00:00:00.000,2024-05-22T00:00:00.000,2025-09-30T00:00:00.000
1V0999800,Conveyor,Active,2024-10-10T00:00:00.000,1022578,Manhattan,136,WEST   42 STREET,994,7503,10036,40.755338,-73.985313,105,04,1009947503,113,Midtown-Times Square,VRCandTowConveyors,,2026,2026-03-18T00:00:00.000,2024-10-09T00:00:00.000,
1V22822,Personnel Hoist,Removed,2014-06-23T00:00:00.000,1022578,Manhattan,136,WEST   42 STREET,994,7503,10036,40.755338,-73.985313,105,04,1009947503,113,Midtown-Times Square,,,,,,
1P47891,Elevator,Active,2020-12-11T00:00:00.000,1022578,Manhattan,136,WEST   42 STREET,994,7503,10036,40.755338,-73.985313,105,04,1009947503,113,Midtown-Times Square,,2025,2026,2026-03-18T00:00:00.000,2024-05-22T00:00:00.000,2025-11-12T00:00:00.000
1P29173,Elevator,Removed,2012-04-03T00:00:00.000,1022578,Manhattan,136,WEST   42 STREET,994,7503,10036,40.755338,-73.985313,105,04,1009947503,113,Midtown-Times Square,,,,,,
1P0998777,Elevator,Active,2024-07-30T00:00:00.000,1022578,Manhattan,136,WEST   42 STREET,994,7503,10036,40.755338,-73.985313,105,04,1009947503,113,Midtown-Times Square,HydraulicElevators,2025,2026,2026-03-18T00:00:00.000,2024-07-29T00:00:00.000,2025-11-11T00:00:00.000
1V22821,Personnel Hoist,Removed,2014-06-23T00:00:00.000,1022578,Manhattan,136,WEST   42 STREET,994,7503,10036,40.755338,-73.985313,105,04,1009947503,113,Midtown-Times Square,,,,,,
1D0999381,Dumbwaiter,Active,2024-10-10T00:00:00.000,1022578,Manhattan,136,WEST   42 STREET,994,7503,10036,40.755338,-73.985313,105,04,1009947503,113,Midtown-Times Square,Dumbwaiters,2025,2026,2026-03-18T00:00:00.000,2024-10-09T00:00:00.000,2025-11-11T00:00:00.000
1P16661,Elevator,Active,1988-07-11T00:00:00.000,1024737,Manhattan,235,WEST   46 STREET,1018,6,10036,40.759132,-73.986348,105,03,1010180006,125,Midtown-Times Square,,2026,2025,2025-06-06T00:00:00.000,2025-06-06T00:00:00.000,2026-05-19T00:00:00.000
1D297,Dumbwaiter,Removed,2012-05-29T00:00:00.000,1024737,Manhattan,235,WEST   46 STREET,1018,6,10036,40.759132,-73.986348,105,03,1010180006,125,Midtown-Times Square,,,,,,
1P16660,Elevator,Active,2020-05-21T00:00:00.000,1024737,Manhattan,235,WEST   46 STREET,1018,6,10036,40.759132,-73.986348,105,03,1010180006,125,Midtown-Times Square,,2026,2025,2025-06-05T00:00:00.000,2025-06-05T00:00:00.000,2026-05-19T00:00:00.000
1P16659,Elevator,Active,2020-05-21T00:00:00.000,1024737,Manhattan,235,WEST   46 STREET,1018,6,10036,40.759132,-73.986348,105,03,1010180006,125,Midtown-Times Square,,2026,2025,2025-06-05T00:00:00.000,2025-06-05T00:00:00.000,2026-05-19T00:00:00.000
1P16658,Elevator,Active,2020-05-21T00:00:00.000,1024737,Manhattan,235,WEST   46 STREET,1018,6,10036,40.759132,-73.986348,105,03,1010180006,125,Midtown-Times Square,,2026,2025,2025-06-06T00:00:00.000,2025-06-04T00:00:00.000,2026-05-19T00:00:00.000
1P16655,Elevator,Active,2020-05-21T00:00:00.000,1024737,Manhattan,235,WEST   46 STREET,1018,6,10036,40.759132,-73.986348,105,03,1010180006,125,Midtown-Times Square,,2026,2025,2025-06-06T00:00:00.000,2025-06-03T00:00:00.000,2026-05-19T00:00:00.000
1P16656,Elevator,Active,2020-05-21T00:00:00.000,1024737,Manhattan,235,WEST   46 STREET,1018,6,10036,40.759132,-73.986348,105,03,1010180006,125,Midtown-Times Square,,2026,2025,2025-06-06T00:00:00.000,2025-06-03T00:00:00.000,2026-05-19T00:00:00.000
1W6689,Accessibility Lift,Active,2013-12-27T00:00:00.000,1024737,Manhattan,235,WEST   46 STREET,1018,6,10036,40.759132,-73.986348,105,03,1010180006,125,Midtown-Times Square,,2026,2025,2025-06-06T00:00:00.000,,2026-05-19T00:00:00.000
1P16657,Elevator,Active,2020-05-21T00:00:00.000,1024737,Manhattan,235,WEST   46 STREET,1018,6,10036,40.759132,-73.986348,105,03,1010180006,125,Midtown-Times Square,,2026,2025,2025-06-06T00:00:00.000,2025-06-04T00:00:00.000,2026-05-19T00:00:00.000
1P14934,Elevator,Removed,2003-12-10T00:00:00.000,1026842,Manhattan,423,WEST   55 STREET,1065,12,10019,40.766993,-73.987531,104,06,1010650012,139,Hell's Kitchen,,,,,,
1P8127,Elevator,Active,2020-03-02T00:00:00.000,1026842,Manhattan,423,WEST   55 STREET,1065,12,10019,40.766993,-73.987531,104,06,1010650012,139,Hell's Kitchen,,2026,2026,2026-03-23T00:00:00.000,2024-05-21T00:00:00.000,2026-07-22T00:00:00.000
1P43377,Elevator,Active,2020-03-02T00:00:00.000,1026842,Manhattan,423,WEST   55 STREET,1065,12,10019,40.766993,-73.987531,104,06,1010650012,139,Hell's Kitchen,,2026,2026,2026-03-02T00:00:00.000,2026-03-02T00:00:00.000,2026-07-22T00:00:00.000
1P14932,Elevator,Active,2020-03-02T00:00:00.000,1026842,Manhattan,423,WEST   55 STREET,1065,12,10019,40.766993,-73.987531,104,06,1010650012,139,Hell's Kitchen,,2026,2026,2026-03-03T00:00:00.000,2024-05-21T00:00:00.000,2026-07-22T00:00:00.000
1P14933,Elevator,Active,1988-07-11T00:00:00.000,1026842,Manhattan,423,WEST   55 STREET,1065,12,10019,40.766993,-73.987531,104,06,1010650012,139,Hell's Kitchen,,2026,2026,2026-03-23T00:00:00.000,2024-05-23T00:00:00.000,2026-07-22T00:00:00.000
1P8126,Elevator,Active,2020-03-02T00:00:00.000,1026842,Manhattan,423,WEST   55 STREET,1065,12,10019,40.766993,-73.987531,104,06,1010650012,139,Hell's Kitchen,,2026,2026,2026-03-23T00:00:00.000,2024-05-21T00:00:00.000,2026-07-22T00:00:00.000
1P5244,Elevator,Active,2020-03-02T00:00:00.000,1026842,Manhattan,423,WEST   55 STREET,1065,12,10019,40.766993,-73.987531,104,06,1010650012,139,Hell's Kitchen,,2026,2026,2026-03-03T00:00:00.000,2024-05-21T00:00:00.000,2026-07-22T00:00:00.000
1P43378,Elevator,Active,2020-03-02T00:00:00.000,1026842,Manhattan,423,WEST   55 STREET,1065,12,10019,40.766993,-73.987531,104,06,1010650012,139,Hell's Kitchen,,2026,2026,2026-03-02T00:00:00.000,2026-03-02T00:00:00.000,2026-07-22T00:00:00.000
1P14931,Elevator,Active,2020-03-02T00:00:00.000,1026842,Manhattan,423,WEST   55 STREET,1065,12,10019,40.766993,-73.987531,104,06,1010650012,139,Hell's Kitchen,,2026,2026,2026-03-03T00:00:00.000,2024-05-23T00:00:00.000,2026-07-22T00:00:00.000
1P8525,Elevator,Active,2021-12-24T00:00:00.000,1028637,Manhattan,1,WEST   72 STREET,1125,25,10023,40.776403,-73.976365,107,06,1011250025,157,Upper West Side-Lincoln Square,,2026,2026,2026-06-11T00:00:00.000,2023-09-13T00:00:00.000,2026-02-11T00:00:00.000
1P8522,Elevator,Active,2022-08-16T00:00:00.000,1028637,Manhattan,1,WEST   72 STREET,1125,25,10023,40.776403,-73.976365,107,06,1011250025,157,Upper West Side-Lincoln Square,ElectricElevators,2026,2026,2026-06-11T00:00:00.000,2023-09-12T00:00:00.000,2026-02-11T00:00:00.000
1P8526,Elevator,Active,2022-11-24T00:00:00.000,1028637,Manhattan,1,WEST   72 STREET,1125,25,10023,40.776403,-73.976365,107,06,1011250025,157,Upper West Side-Lincoln Square,ElectricElevators,2026,2026,2026-06-11T00:00:00.000,2023-09-14T00:00:00.000,2026-02-11T00:00:00.000
1P8521,Elevator,Active,2022-01-08T00:00:00.000,1028637,Manhattan,1,WEST   72 STREET,1125,25,10023,40.776403,-73.976365,107,06,1011250025,157,Upper West Side-Lincoln Square,,2026,2026,2026-06-11T00:00:00.000,2023-09-11T00:00:00.000,2026-02-11T00:00:00.000
1P8524,Elevator,Active,2022-06-11T00:00:00.000,1028637,Manhattan,1,WEST   72 STREET,1125,25,10023,40.776403,-73.976365,107,06,1011250025,157,Upper West Side-Lincoln Square,ElectricElevators,2026,2026,2026-06-11T00:00:00.000,2023-09-13T00:00:00.000,2026-02-11T00:00:00.000
1P8520,Elevator,Active,2022-08-26T00:00:00.000,1028637,Manhattan,1,WEST   72 STREET,1125,25,10023,40.776403,-73.976365,107,06,1011250025,157,Upper West Side-Lincoln Square,ElectricElevators,2026,2026,2026-06-11T00:00:00.000,2023-09-11T00:00:00.000,2026-02-11T00:00:00.000
1P8523,Elevator,Active,2022-03-23T00:00:00.000,1028637,Manhattan,1,WEST   72 STREET,1125,25,10023,40.776403,-73.976365,107,06,1011250025,157,Upper West Side-Lincoln Square,ElectricElevators,2026,2026,2026-06-11T00:00:00.000,2023-09-12T00:00:00.000,2026-02-11T00:00:00.000
1P8527,Elevator,Active,2022-06-02T00:00:00.000,1028637,Manhattan,1,WEST   72 STREET,1125,25,10023,40.776403,-73.976365,107,06,1011250025,157,Upper West Side-Lincoln Square,ElectricElevators,2026,2026,2026-06-11T00:00:00.000,2023-09-14T00:00:00.000,2026-02-11T00:00:00.000
1P33239,Elevator,Active,2019-05-28T00:00:00.000,1028827,Manhattan,124,WEST   60 STREET,1131,7502,10023,40.770231,-73.98523,107,06,1011317502,145,Upper West Side-Lincoln Square,,2026,2026,2026-04-07T00:00:00.000,2024-02-06T00:00:00.000,2026-08-11T00:00:00.000
1P33235,Elevator,Active,2019-05-28T00:00:00.000,1028827,Manhattan,124,WEST   60 STREET,1131,7502,10023,40.770231,-73.98523,107,06,1011317502,145,Upper West Side-Lincoln Square,,2026,2026,2026-04-07T00:00:00.000,2024-02-09T00:00:00.000,2026-08-11T00:00:00.000
1P33236,Elevator,Active,2019-05-28T00:00:00.000,1028827,Manhattan,124,WEST   60 STREET,1131,7502,10023,40.770231,-73.98523,107,06,1011317502,145,Upper West Side-Lincoln Square,,2026,2026,2026-04-07T00:00:00.000,2024-02-07T00:00:00.000,2026-08-11T00:00:00.000
1P33238,Elevator,Active,2019-05-28T00:00:00.000,1028827,Manhattan,124,WEST   60 STREET,1131,7502,10023,40.770231,-73.98523,107,06,1011317502,145,Upper West Side-Lincoln Square,,2026,2026,2026-04-07T00:00:00.000,2024-02-06T00:00:00.000,2026-08-11T00:00:00.000
1P33237,Elevator,Active,2019-05-28T00:00:00.000,1028827,Manhattan,124,WEST   60 STREET,1131,7502,10023,40.770231,-73.98523,107,06,1011317502,145,Upper West Side-Lincoln Square,,2026,2026,2026-04-07T00:00:00.000,2024-02-07T00:00:00.000,2026-08-11T00:00:00.000
1P33233,Elevator,Active,2020-09-08T00:00:00.000,1028827,Manhattan,124,WEST   60 STREET,1131,7502,10023,40.770231,-73.98523,107,06,1011317502,145,Upper West Side-Lincoln Square,,2025,2026,2026-04-07T00:00:00.000,2024-04-04T00:00:00.000,2025-06-02T00:00:00.000
1P33234,Elevator,Active,2020-09-08T00:00:00.000,1028827,Manhattan,124,WEST   60 STREET,1131,7502,10023,40.770231,-73.98523,107,06,1011317502,145,Upper West Side-Lincoln Square,,2025,2026,2026-04-07T00:00:00.000,2024-04-04T00:00:00.000,2025-06-02T00:00:00.000
1P33232,Elevator,Active,2020-09-08T00:00:00.000,1028827,Manhattan,124,WEST   60 STREET,1131,7502,10023,40.770231,-73.98523,107,06,1011317502,145,Upper West Side-Lincoln Square,,2025,2026,2026-04-07T00:00:00.000,2024-04-04T00:00:00.000,2025-06-02T00:00:00.000
1P18371,Elevator,Active,1988-07-27T00:00:00.000,1031139,Manhattan,15,WEST   81 STREET,1195,18,10024,40.782336,-73.972423,107,06,1011950018,165,Upper West Side (Central),,2026,2026,2026-06-22T00:00:00.000,2024-07-30T00:00:00.000,2026-03-18T00:00:00.000
1P18375,Elevator,Active,1988-07-27T00:00:00.000,1031139,Manhattan,15,WEST   81 STREET,1195,18,10024,40.782336,-73.972423,107,06,1011950018,165,Upper West Side (Central),,2026,2026,2026-06-23T00:00:00.000,2024-08-01T00:00:00.000,2026-03-18T00:00:00.000
1P18376,Elevator,Active,2019-10-24T00:00:00.000,1031139,Manhattan,15,WEST   81 STREET,1195,18,10024,40.782336,-73.972423,107,06,1011950018,165,Upper West Side (Central),,2026,2026,2026-06-23T00:00:00.000,2024-08-01T00:00:00.000,2026-03-18T00:00:00.000
1P18374,Elevator,Active,2019-10-24T00:00:00.000,1031139,Manhattan,15,WEST   81 STREET,1195,18,10024,40.782336,-73.972423,107,06,1011950018,165,Upper West Side (Central),,2026,2026,2026-06-23T00:00:00.000,2024-07-31T00:00:00.000,2026-03-18T00:00:00.000
1P18369,Elevator,Active,2019-10-24T00:00:00.000,1031139,Manhattan,15,WEST   81 STREET,1195,18,10024,40.782336,-73.972423,107,06,1011950018,165,Upper West Side (Central),,2026,2026,2026-06-22T00:00:00.000,2024-07-29T00:00:00.000,2026-03-18T00:00:00.000
1P18372,Elevator,Active,1988-07-27T00:00:00.000,1031139,Manhattan,15,WEST   81 STREET,1195,18,10024,40.782336,-73.972423,107,06,1011950018,165,Upper West Side (Central),,2026,2026,2026-06-22T00:00:00.000,2024-07-30T00:00:00.000,2026-03-18T00:00:00.000
1P18370,Elevator,Active,2019-10-24T00:00:00.000,1031139,Manhattan,15,WEST   81 STREET,1195,18,10024,40.782336,-73.972423,107,06,1011950018,165,Upper West Side (Central),,2026,2026,2026-06-22T00:00:00.000,2024-07-29T00:00:00.000,2026-03-18T00:00:00.000
1P18373,Elevator,Active,1988-07-27T00:00:00.000,1031139,Manhattan,15,WEST   81 STREET,1195,18,10024,40.782336,-73.972423,107,06,1011950018,165,Upper West Side (Central),,2026,2026,2026-06-23T00:00:00.000,2024-07-31T00:00:00.000,2026-03-18T00:00:00.000
1P2673,Elevator,Active,2023-01-18T00:00:00.000,1034532,Manhattan,680,FIFTH AVENUE,1269,41,10019,40.760703,-73.975634,105,04,1012690041,104,Midtown-Times Square,ElectricElevators,2026,2026,2026-02-07T00:00:00.000,2022-01-04T00:00:00.000,2026-05-11T00:00:00.000
1E20152,Escalator,Removed,2022-09-27T00:00:00.000,1034532,Manhattan,680,FIFTH AVENUE,1269,41,10019,40.760703,-73.975634,105,04,1012690041,104,Midtown-Times Square,,,2021,2021-12-09T00:00:00.000,,
1E20150,Escalator,Removed,2022-09-27T00:00:00.000,1034532,Manhattan,680,FIFTH AVENUE,1269,41,10019,40.760703,-73.975634,105,04,1012690041,104,Midtown-Times Square,,,2021,2021-12-09T00:00:00.000,,
1P2677,Elevator,Active,2025-10-29T00:00:00.000,1034532,Manhattan,680,FIFTH AVENUE,1269,41,10019,40.760703,-73.975634,105,04,1012690041,104,Midtown-Times Square,ElectricElevators,2026,2026,2026-02-07T00:00:00.000,2022-01-05T00:00:00.000,2026-05-11T00:00:00.000
1F4020,Elevator,Active,1997-04-11T00:00:00.000,1034532,Manhattan,680,FIFTH AVENUE,1269,41,10019,40.760703,-73.975634,105,04,1012690041,104,Midtown-Times Square,,2026,2026,2026-02-07T00:00:00.000,,2026-05-11T00:00:00.000
1V210247,Personnel Hoist,Removed,2004-08-04T00:00:00.000,1034532,Manhattan,680,FIFTH AVENUE,1269,41,10019,40.760703,-73.975634,105,04,1012690041,104,Midtown-Times Square,,,,,,
1P0995844,Elevator,Active,2023-11-23T00:00:00.000,1034532,Manhattan,680,5 AVENUE,1269,41,10019,40.760703,-73.975634,105,04,1012690041,104,Midtown-Times Square,HydraulicElevators,2024,2025,2025-04-08T00:00:00.000,,2024-08-16T00:00:00.000
1P24113,Elevator,Removed,1991-09-09T00:00:00.000,1034532,Manhattan,680,FIFTH AVENUE,1269,41,10019,40.760703,-73.975634,105,04,1012690041,104,Midtown-Times Square,,,,,,
1E20153,Escalator,Removed,2022-09-27T00:00:00.000,1034532,Manhattan,680,FIFTH AVENUE,1269,41,10019,40.760703,-73.975634,105,04,1012690041,104,Midtown-Times Square,,,2021,2021-12-09T00:00:00.000,,
1P40668,Elevator,Removed,2022-09-27T00:00:00.000,1034532,Manhattan,680,FIFTH AVENUE,1269,41,10019,40.760703,-73.975634,105,04,1012690041,104,Midtown-Times Square,,,2021,2021-12-09T00:00:00.000,,
1V210248,Personnel Hoist,Removed,2004-08-04T00:00:00.000,1034532,Manhattan,680,FIFTH AVENUE,1269,41,10019,40.760703,-73.975634,105,04,1012690041,104,Midtown-Times Square,,,,,,
1P40667,Elevator,Removed,2022-09-27T00:00:00.000,1034532,Manhattan,680,FIFTH AVENUE,1269,41,10019,40.760703,-73.975634,105,04,1012690041,104,Midtown-Times Square,,,2021,2021-12-09T00:00:00.000,,
1P2678,Elevator,Active,2019-12-30T00:00:00.000,1034532,Manhattan,680,FIFTH AVENUE,1269,41,10019,40.760703,-73.975634,105,04,1012690041,104,Midtown-Times Square,,2026,2026,2026-02-07T00:00:00.000,2024-12-19T00:00:00.000,2026-05-11T00:00:00.000
1E20151,Escalator,Removed,2022-09-27T00:00:00.000,1034532,Manhattan,680,FIFTH AVENUE,1269,41,10019,40.760703,-73.975634,105,04,1012690041,104,Midtown-Times Square,,,2021,2021-12-09T00:00:00.000,,
1P2676,Elevator,Active,2025-10-29T00:00:00.000,1034532,Manhattan,680,FIFTH AVENUE,1269,41,10019,40.760703,-73.975634,105,04,1012690041,104,Midtown-Times Square,ElectricElevators,2026,2026,2026-02-07T00:00:00.000,2022-01-05T00:00:00.000,2026-05-11T00:00:00.000
1P2675,Elevator,Active,2022-12-29T00:00:00.000,1034532,Manhattan,680,FIFTH AVENUE,1269,41,10019,40.760703,-73.975634,105,04,1012690041,104,Midtown-Times Square,ElectricElevators,2026,2026,2026-02-07T00:00:00.000,2026-02-07T00:00:00.000,2026-05-11T00:00:00.000
1P2674,Elevator,Active,2022-12-29T00:00:00.000,1034532,Manhattan,680,FIFTH AVENUE,1269,41,10019,40.760703,-73.975634,105,04,1012690041,104,Midtown-Times Square,ElectricElevators,2026,2026,2026-02-07T00:00:00.000,2022-01-04T00:00:00.000,2026-05-11T00:00:00.000
1P28437,Elevator,Active,2019-12-31T00:00:00.000,1035347,Manhattan,5,EAST   42 STREET,1277,8,10017,40.753979,-73.979997,105,04,1012770008,94,Midtown-Times Square,,2026,2025,2025-04-24T00:00:00.000,2024-04-11T00:00:00.000,2026-05-04T00:00:00.000
1P28430,Elevator,Active,2019-12-31T00:00:00.000,1035347,Manhattan,5,EAST   42 STREET,1277,8,10017,40.753979,-73.979997,105,04,1012770008,94,Midtown-Times Square,,2025,2025,2025-04-23T00:00:00.000,2024-04-08T00:00:00.000,2025-01-07T00:00:00.000
1E809,Escalator,Removed,2007-03-06T00:00:00.000,1035347,Manhattan,5,EAST   42 STREET,1277,8,10017,40.753979,-73.979997,105,04,1012770008,94,Midtown-Times Square,,,,,,
1P28433,Elevator,Active,2019-12-31T00:00:00.000,1035347,Manhattan,5,EAST   42 STREET,1277,8,10017,40.753979,-73.979997,105,04,1012770008,94,Midtown-Times Square,,2026,2025,2025-04-24T00:00:00.000,2024-04-09T00:00:00.000,2026-05-04T00:00:00.000
1P28435,Elevator,Active,2019-12-31T00:00:00.000,1035347,Manhattan,5,EAST   42 STREET,1277,8,10017,40.753979,-73.979997,105,04,1012770008,94,Midtown-Times Square,,2026,2025,2025-04-24T00:00:00.000,2024-04-10T00:00:00.000,2026-05-04T00:00:00.000
1C1003209,Personnel Hoist,Work in Progress,2026-05-07T00:00:00.000,1035347,Manhattan,6,EAST   43 STREET,1277,8,10017,40.753979,-73.979997,105,04,1012770008,94,Midtown-Times Square,,,,,,
1E810,Escalator,Removed,2007-03-06T00:00:00.000,1035347,Manhattan,5,EAST   42 STREET,1277,8,10017,40.753979,-73.979997,105,04,1012770008,94,Midtown-Times Square,,,,,,
1P28434,Elevator,Active,2019-12-31T00:00:00.000,1035347,Manhattan,5,EAST   42 STREET,1277,8,10017,40.753979,-73.979997,105,04,1012770008,94,Midtown-Times Square,,2026,2025,2025-04-24T00:00:00.000,2024-04-10T00:00:00.000,2026-05-04T00:00:00.000
1P28432,Elevator,Active,2019-12-31T00:00:00.000,1035347,Manhattan,5,EAST   42 STREET,1277,8,10017,40.753979,-73.979997,105,04,1012770008,94,Midtown-Times Square,,2025,2025,2025-04-23T00:00:00.000,2024-04-09T00:00:00.000,2025-01-07T00:00:00.000
1P28431,Elevator,Active,2019-12-31T00:00:00.000,1035347,Manhattan,5,EAST   42 STREET,1277,8,10017,40.753979,-73.979997,105,04,1012770008,94,Midtown-Times Square,,2025,2025,2025-04-23T00:00:00.000,2024-04-08T00:00:00.000,2025-01-07T00:00:00.000
1C1003210,Personnel Hoist,Work in Progress,2026-05-07T00:00:00.000,1035347,Manhattan,6,EAST   43 STREET,1277,8,10017,40.753979,-73.979997,105,04,1012770008,94,Midtown-Times Square,,,,,,
1P48128,Elevator,Removed,2026-04-14T00:00:00.000,1035347,Manhattan,5,EAST   42 STREET,1277,8,10017,40.753979,-73.979997,105,04,1012770008,94,Midtown-Times Square,,2025,2025,2025-09-12T00:00:00.000,2024-04-12T00:00:00.000,2025-01-07T00:00:00.000
1P28436,Elevator,Active,2019-12-31T00:00:00.000,1035347,Manhattan,5,EAST   42 STREET,1277,8,10017,40.753979,-73.979997,105,04,1012770008,94,Midtown-Times Square,,2026,2025,2025-04-24T00:00:00.000,2024-04-11T00:00:00.000,2026-05-04T00:00:00.000
1P37654,Elevator,Active,2021-08-02T00:00:00.000,1038758,Manhattan,1,UNITED NATIONS PLAZA,1337,7502,10017,40.750807,-73.970509,106,04,1013377502,90,East Midtown-Turtle Bay,,2025,2026,2026-05-28T00:00:00.000,2024-04-24T00:00:00.000,2025-03-31T00:00:00.000
1P37656,Elevator,Active,2021-08-02T00:00:00.000,1038758,Manhattan,1,UNITED NATIONS PLAZA,1337,7502,10017,40.750807,-73.970509,106,04,1013377502,90,East Midtown-Turtle Bay,,2025,2026,2026-05-29T00:00:00.000,2024-02-29T00:00:00.000,2025-03-31T00:00:00.000
1P37655,Elevator,Active,2021-08-02T00:00:00.000,1038758,Manhattan,1,UNITED NATIONS PLAZA,1337,7502,10017,40.750807,-73.970509,106,04,1013377502,90,East Midtown-Turtle Bay,,2025,2026,2026-05-28T00:00:00.000,2024-04-25T00:00:00.000,2025-03-31T00:00:00.000
1P37661,Elevator,Active,2023-07-13T00:00:00.000,1038758,Manhattan,1,UNITED NATIONS PLAZA,1337,7502,10017,40.750807,-73.970509,106,04,1013377502,90,East Midtown-Turtle Bay,ElectricElevators,2025,2026,2026-08-14T00:00:00.000,2024-04-26T00:00:00.000,2025-03-31T00:00:00.000
1F5699,Elevator,Active,1995-12-07T00:00:00.000,1038758,Manhattan,1,UNITED NATIONS PLAZA,1337,7502,10017,40.750807,-73.970509,106,04,1013377502,90,East Midtown-Turtle Bay,,2025,2026,2026-05-29T00:00:00.000,,2025-03-31T00:00:00.000
1P37653,Elevator,Active,2021-08-02T00:00:00.000,1038758,Manhattan,1,UNITED NATIONS PLAZA,1337,7502,10017,40.750807,-73.970509,106,04,1013377502,90,East Midtown-Turtle Bay,,2025,2026,2026-05-28T00:00:00.000,2024-02-29T00:00:00.000,2025-03-31T00:00:00.000
1P37657,Elevator,Active,2019-09-27T00:00:00.000,1038758,Manhattan,1,UNITED NATIONS PLAZA,1337,7502,10017,40.750807,-73.970509,106,04,1013377502,90,East Midtown-Turtle Bay,,2026,2025,2025-10-10T00:00:00.000,2024-04-25T00:00:00.000,2026-04-20T00:00:00.000
1F5698,Elevator,Active,1995-12-07T00:00:00.000,1038758,Manhattan,1,UNITED NATIONS PLAZA,1337,7502,10017,40.750807,-73.970509,106,04,1013377502,90,East Midtown-Turtle Bay,,2025,2026,2026-05-29T00:00:00.000,,2025-03-31T00:00:00.000
1F4225,Elevator,Active,2020-09-04T00:00:00.000,1038761,Manhattan,304,EAST   45 STREET,1337,7501,10017,40.75157,-73.970393,106,04,1013377501,90,East Midtown-Turtle Bay,,2026,2026,2026-04-07T00:00:00.000,2026-02-03T00:00:00.000,2026-08-03T00:00:00.000
1P1574,Elevator,Active,1988-07-11T00:00:00.000,1038761,Manhattan,304,EAST   45 STREET,1337,7501,10017,40.75157,-73.970393,106,04,1013377501,90,East Midtown-Turtle Bay,,2026,2026,2026-04-07T00:00:00.000,2025-01-28T00:00:00.000,2026-08-03T00:00:00.000
1P1575,Elevator,Active,2020-09-04T00:00:00.000,1038761,Manhattan,304,EAST   45 STREET,1337,7501,10017,40.75157,-73.970393,106,04,1013377501,90,East Midtown-Turtle Bay,,2026,2026,2026-04-07T00:00:00.000,2025-01-29T00:00:00.000,2026-08-03T00:00:00.000
1P7685,Elevator,Active,2020-09-04T00:00:00.000,1038761,Manhattan,304,EAST   45 STREET,1337,7501,10017,40.75157,-73.970393,106,04,1013377501,90,East Midtown-Turtle Bay,,2026,2026,2026-04-07T00:00:00.000,2025-01-28T00:00:00.000,2026-08-03T00:00:00.000
1P1573,Elevator,Active,2020-09-04T00:00:00.000,1038761,Manhattan,304,EAST   45 STREET,1337,7501,10017,40.75157,-73.970393,106,04,1013377501,90,East Midtown-Turtle Bay,,2026,2026,2026-04-07T00:00:00.000,2022-05-17T00:00:00.000,2026-08-03T00:00:00.000
1P1572,Elevator,Active,2020-09-04T00:00:00.000,1038761,Manhattan,304,EAST   45 STREET,1337,7501,10017,40.75157,-73.970393,106,04,1013377501,90,East Midtown-Turtle Bay,,2026,2026,2026-04-07T00:00:00.000,2025-01-29T00:00:00.000,2026-08-03T00:00:00.000
1P30690,Elevator,Active,2020-09-04T00:00:00.000,1038761,Manhattan,304,EAST   45 STREET,1337,7501,10017,40.75157,-73.970393,106,04,1013377501,90,East Midtown-Turtle Bay,,2026,2026,2026-04-07T00:00:00.000,2026-02-03T00:00:00.000,2026-08-03T00:00:00.000
1P7542,Elevator,Active,2020-09-04T00:00:00.000,1038761,Manhattan,304,EAST   45 STREET,1337,7501,10017,40.75157,-73.970393,106,04,1013377501,90,East Midtown-Turtle Bay,,2026,2026,2026-04-07T00:00:00.000,2025-01-28T00:00:00.000,2026-08-03T00:00:00.000
1P37143,Elevator,Active,2020-06-19T00:00:00.000,1051514,Manhattan,1250,5 AVENUE,1612,1,10029,40.79371,-73.949442,111,09,1016120001,17401,East Harlem (South),,2025,2026,2026-05-05T00:00:00.000,2025-05-29T00:00:00.000,2025-09-11T00:00:00.000
1P37153,Elevator,Active,2020-07-29T00:00:00.000,1051514,Manhattan,1250,5 AVENUE,1612,1,10029,40.79371,-73.949442,111,09,1016120001,17401,East Harlem (South),,2025,2026,2026-05-05T00:00:00.000,2025-05-28T00:00:00.000,2025-09-11T00:00:00.000
1P37144,Elevator,Active,2020-12-10T00:00:00.000,1051514,Manhattan,1250,5 AVENUE,1612,1,10029,40.79371,-73.949442,111,09,1016120001,17401,East Harlem (South),,2025,2026,2026-05-04T00:00:00.000,2025-05-27T00:00:00.000,2025-09-11T00:00:00.000
1P37152,Elevator,Active,2020-12-10T00:00:00.000,1051514,Manhattan,1250,5 AVENUE,1612,1,10029,40.79371,-73.949442,111,09,1016120001,17401,East Harlem (South),,2025,2026,2026-05-05T00:00:00.000,2025-05-28T00:00:00.000,2025-09-11T00:00:00.000
1P37150,Elevator,Active,2020-12-09T00:00:00.000,1051514,Manhattan,1250,5 AVENUE,1612,1,10029,40.79371,-73.949442,111,09,1016120001,17401,East Harlem (South),,2025,2026,2026-05-04T00:00:00.000,2025-05-30T00:00:00.000,2025-09-11T00:00:00.000
1P37145,Elevator,Active,2020-06-19T00:00:00.000,1051514,Manhattan,1250,5 AVENUE,1612,1,10029,40.79371,-73.949442,111,09,1016120001,17401,East Harlem (South),,2025,2026,2026-05-04T00:00:00.000,2025-05-27T00:00:00.000,2025-09-11T00:00:00.000
1P37142,Elevator,Active,1994-03-17T00:00:00.000,1051514,Manhattan,1250,5 AVENUE,1612,1,10029,40.79371,-73.949442,111,09,1016120001,17401,East Harlem (South),,2025,2026,2026-05-05T00:00:00.000,2025-05-29T00:00:00.000,2025-09-11T00:00:00.000
1P37151,Elevator,Active,2020-07-23T00:00:00.000,1051514,Manhattan,1250,5 AVENUE,1612,1,10029,40.79371,-73.949442,111,09,1016120001,17401,East Harlem (South),,2025,2026,2026-05-04T00:00:00.000,2025-05-30T00:00:00.000,2025-09-11T00:00:00.000
1P37513,Elevator,Active,2020-12-11T00:00:00.000,1063862,Manhattan,525,AUDUBON AVENUE,2160,1,10040,40.855189,-73.927612,112,10,1021600001,277,Washington Heights (North),,2026,2026,2026-03-12T00:00:00.000,2026-03-12T00:00:00.000,2026-06-23T00:00:00.000
1P27296,Elevator,Active,2020-12-11T00:00:00.000,1063862,Manhattan,525,AUDUBON AVENUE,2160,1,10040,40.855189,-73.927612,112,10,1021600001,277,Washington Heights (North),,2026,2026,2026-03-10T00:00:00.000,2026-03-10T00:00:00.000,2026-06-22T00:00:00.000
1P37529,Elevator,Active,2020-12-11T00:00:00.000,1063862,Manhattan,525,AUDUBON AVENUE,2160,1,10040,40.855189,-73.927612,112,10,1021600001,277,Washington Heights (North),,2026,2026,2026-03-12T00:00:00.000,2016-06-01T00:00:00.000,2026-06-23T00:00:00.000
1F5206,Elevator,Active,1989-02-10T00:00:00.000,1063862,Manhattan,525,AUDUBON AVENUE,2160,1,10040,40.855189,-73.927612,112,10,1021600001,277,Washington Heights (North),,2026,2026,2026-03-12T00:00:00.000,,2026-06-22T00:00:00.000
1P27299,Elevator,Active,2020-12-11T00:00:00.000,1063862,Manhattan,525,AUDUBON AVENUE,2160,1,10040,40.855189,-73.927612,112,10,1021600001,277,Washington Heights (North),,2026,2026,2026-03-11T00:00:00.000,2026-03-11T00:00:00.000,2026-06-23T00:00:00.000
1P27298,Elevator,Active,2020-12-11T00:00:00.000,1063862,Manhattan,525,AUDUBON AVENUE,2160,1,10040,40.855189,-73.927612,112,10,1021600001,277,Washington Heights (North),,2026,2026,2026-03-11T00:00:00.000,2026-03-11T00:00:00.000,2026-06-23T00:00:00.000
1P37530,Elevator,Active,2020-12-11T00:00:00.000,1063862,Manhattan,525,AUDUBON AVENUE,2160,1,10040,40.855189,-73.927612,112,10,1021600001,277,Washington Heights (North),,2026,2026,2026-03-12T00:00:00.000,2016-06-01T00:00:00.000,2026-06-23T00:00:00.000
1P27297,Elevator,Active,2020-12-11T00:00:00.000,1063862,Manhattan,525,AUDUBON AVENUE,2160,1,10040,40.855189,-73.927612,112,10,1021600001,277,Washington Heights (North),,2026,2026,2026-03-10T00:00:00.000,2026-03-10T00:00:00.000,2026-06-23T00:00:00.000
1C1001817,Personnel Hoist,Removed,2026-06-06T00:00:00.000,1075637,Manhattan,141,COLUMBUS AVENUE,1119,1,10023,40.773505,-73.981637,107,06,1011190001,149,Upper West Side-Lincoln Square,,,,,,
1P36678,Elevator,Active,1992-04-13T00:00:00.000,1075637,Manhattan,147,COLUMBUS AVENUE,1119,1,10023,40.773505,-73.981637,107,06,1011190001,149,Upper West Side-Lincoln Square,,2025,2025,2025-05-20T00:00:00.000,2025-01-10T00:00:00.000,2025-01-10T00:00:00.000
1P36677,Elevator,Active,1992-12-22T00:00:00.000,1075637,Manhattan,147,COLUMBUS AVENUE,1119,1,10023,40.773505,-73.981637,107,06,1011190001,149,Upper West Side-Lincoln Square,,2025,2025,2025-05-20T00:00:00.000,2025-01-10T00:00:00.000,2025-01-10T00:00:00.000
1P36680,Elevator,Active,1992-04-13T00:00:00.000,1075637,Manhattan,147,COLUMBUS AVENUE,1119,1,10023,40.773505,-73.981637,107,06,1011190001,149,Upper West Side-Lincoln Square,,2025,2025,2025-05-20T00:00:00.000,2025-01-13T00:00:00.000,2025-01-13T00:00:00.000
1P36678,Elevator,Active,1992-04-13T00:00:00.000,1075637,Manhattan,147,COLUMBUS AVENUE,1119,1,10023,40.773505,-73.981637,107,06,1011190001,149,Upper West Side-Lincoln Square,,2025,2025,2025-05-20T00:00:00.000,2025-01-10T00:00:00.000,2025-01-10T00:00:00.000
1P36680,Elevator,Active,1992-04-13T00:00:00.000,1075637,Manhattan,147,COLUMBUS AVENUE,1119,1,10023,40.773505,-73.981637,107,06,1011190001,149,Upper West Side-Lincoln Square,,2025,2025,2025-05-20T00:00:00.000,2025-01-13T00:00:00.000,2025-01-13T00:00:00.000
1P36679,Elevator,Active,1992-04-13T00:00:00.000,1075637,Manhattan,147,COLUMBUS AVENUE,1119,1,10023,40.773505,-73.981637,107,06,1011190001,149,Upper West Side-Lincoln Square,,2025,2025,2025-05-20T00:00:00.000,2025-01-13T00:00:00.000,2025-01-13T00:00:00.000
1P36679,Elevator,Active,1992-04-13T00:00:00.000,1075637,Manhattan,147,COLUMBUS AVENUE,1119,1,10023,40.773505,-73.981637,107,06,1011190001,149,Upper West Side-Lincoln Square,,2025,2025,2025-05-20T00:00:00.000,2025-01-13T00:00:00.000,2025-01-13T00:00:00.000
1P36677,Elevator,Active,1992-12-22T00:00:00.000,1075637,Manhattan,147,COLUMBUS AVENUE,1119,1,10023,40.773505,-73.981637,107,06,1011190001,149,Upper West Side-Lincoln Square,,2025,2025,2025-05-20T00:00:00.000,2025-01-10T00:00:00.000,2025-01-10T00:00:00.000
1P36246,Elevator,Active,1991-08-29T00:00:00.000,1077352,Manhattan,200,EAST   32 STREET,912,7502,10016,40.74432,-73.978787,106,02,1009127502,7002,Murray Hill-Kips Bay,,2026,2026,2026-01-19T00:00:00.000,2025-05-13T00:00:00.000,2026-04-22T00:00:00.000
1E1712,Escalator,Removed,2016-02-10T00:00:00.000,1077352,Manhattan,200,EAST   32 STREET,912,7502,10016,40.74432,-73.978787,106,02,1009127502,7002,Murray Hill-Kips Bay,,,,,,
1E21173,Escalator,Active,2016-07-22T00:00:00.000,1077352,Manhattan,200,EAST   32 STREET,912,7502,10016,40.74432,-73.978787,106,02,1009127502,7002,Murray Hill-Kips Bay,,2026,2025,2025-07-08T00:00:00.000,,2026-07-06T00:00:00.000
1F10368,Elevator,Active,2016-07-28T00:00:00.000,1077352,Manhattan,200,EAST   32 STREET,912,7502,10016,40.74432,-73.978787,106,02,1009127502,7002,Murray Hill-Kips Bay,,2026,2025,2025-07-08T00:00:00.000,,2026-07-06T00:00:00.000
1P49133,Elevator,Active,2019-12-18T00:00:00.000,1077352,Manhattan,200,EAST   32 STREET,912,7502,10016,40.74432,-73.978787,106,02,1009127502,7002,Murray Hill-Kips Bay,,2026,2025,2025-07-08T00:00:00.000,,2026-07-06T00:00:00.000
1F10375,Elevator,Active,2016-08-29T00:00:00.000,1077352,Manhattan,200,EAST   32 STREET,912,7502,10016,40.74432,-73.978787,106,02,1009127502,7002,Murray Hill-Kips Bay,,2026,2025,2025-07-08T00:00:00.000,,2026-07-06T00:00:00.000
1E21172,Escalator,Active,2016-06-20T00:00:00.000,1077352,Manhattan,200,EAST   32 STREET,912,7502,10016,40.74432,-73.978787,106,02,1009127502,7002,Murray Hill-Kips Bay,,2026,2025,2025-07-08T00:00:00.000,,2026-07-06T00:00:00.000
1E1711,Escalator,Removed,2016-02-10T00:00:00.000,1077352,Manhattan,200,EAST   32 STREET,912,7502,10016,40.74432,-73.978787,106,02,1009127502,7002,Murray Hill-Kips Bay,,,,,,
1P36993,Elevator,Removed,2016-02-10T00:00:00.000,1077352,Manhattan,200,EAST   32 STREET,912,7502,10016,40.74432,-73.978787,106,02,1009127502,7002,Murray Hill-Kips Bay,,,,,,
1F5662,Elevator,Removed,2016-02-10T00:00:00.000,1077352,Manhattan,200,EAST   32 STREET,912,7502,10016,40.74432,-73.978787,106,02,1009127502,7002,Murray Hill-Kips Bay,,,,,,
1P36247,Elevator,Active,1991-08-29T00:00:00.000,1077352,Manhattan,200,EAST   32 STREET,912,7502,10016,40.74432,-73.978787,106,02,1009127502,7002,Murray Hill-Kips Bay,,2026,2026,2026-01-19T00:00:00.000,2024-03-13T00:00:00.000,2026-04-22T00:00:00.000
1P36245,Elevator,Active,1991-08-29T00:00:00.000,1077352,Manhattan,200,EAST   32 STREET,912,7502,10016,40.74432,-73.978787,106,02,1009127502,7002,Murray Hill-Kips Bay,,2026,2026,2026-01-19T00:00:00.000,2025-05-13T00:00:00.000,2026-04-22T00:00:00.000
1W6713,Accessibility Lift,Active,2015-01-22T00:00:00.000,1080950,Manhattan,416,WEST   52 STREET,1061,7502,10019,40.765047,-73.988791,104,03,1010617502,133,Hell's Kitchen,,2025,2026,2026-06-02T00:00:00.000,,2025-06-25T00:00:00.000
1P22229,Elevator,Active,2021-02-26T00:00:00.000,1080950,Manhattan,408,WEST   52 STREET,1061,7502,10019,40.765047,-73.988791,104,03,1010617502,133,Hell's Kitchen,,2026,2025,2025-05-20T00:00:00.000,2025-05-20T00:00:00.000,2026-02-12T00:00:00.000
1P20856,Elevator,Active,2020-02-05T00:00:00.000,1080950,Manhattan,408,WEST   52 STREET,1061,7502,10019,40.765047,-73.988791,104,03,1010617502,133,Hell's Kitchen,,2026,2025,2025-05-20T00:00:00.000,2025-05-20T00:00:00.000,2026-02-12T00:00:00.000
1W6814,Accessibility Lift,Removed,2016-09-09T00:00:00.000,1080950,Manhattan,416,WEST   52 STREET,1061,7502,10019,40.765047,-73.988791,104,03,1010617502,133,Hell's Kitchen,,,,,,
1W6714,Accessibility Lift,Active,2014-12-23T00:00:00.000,1080950,Manhattan,416,WEST   52 STREET,1061,7502,10019,40.765047,-73.988791,104,03,1010617502,133,Hell's Kitchen,,2025,2026,2026-06-02T00:00:00.000,,2025-06-25T00:00:00.000
1W6712,Accessibility Lift,Active,2014-10-28T00:00:00.000,1080950,Manhattan,416,WEST   52 STREET,1061,7502,10019,40.765047,-73.988791,104,03,1010617502,133,Hell's Kitchen,,2025,2026,2026-06-02T00:00:00.000,,2025-06-25T00:00:00.000
1P22230,Elevator,Active,2021-02-26T00:00:00.000,1080950,Manhattan,408,WEST   52 STREET,1061,7502,10019,40.765047,-73.988791,104,03,1010617502,133,Hell's Kitchen,,2026,2025,2025-05-20T00:00:00.000,2025-05-20T00:00:00.000,2026-02-12T00:00:00.000
1P20857,Elevator,Active,2020-02-05T00:00:00.000,1080950,Manhattan,408,WEST   52 STREET,1061,7502,10019,40.765047,-73.988791,104,03,1010617502,133,Hell's Kitchen,,2026,2025,2025-05-20T00:00:00.000,2025-05-20T00:00:00.000,2026-02-12T00:00:00.000
1W6817,Accessibility Lift,Active,2014-11-19T00:00:00.000,1080950,Manhattan,416,WEST   52 STREET,1061,7502,10019,40.765047,-73.988791,104,03,1010617502,133,Hell's Kitchen,,2025,2026,2026-06-02T00:00:00.000,,2025-06-25T00:00:00.000
1P20897,Elevator,Active,2019-10-08T00:00:00.000,1081585,Manhattan,121,WEST  105 STREET,1860,20,10025,40.798818,-73.963936,107,07,1018600020,189,Upper West Side-Manhattan Valley,,2026,2025,2025-10-24T00:00:00.000,2024-08-02T00:00:00.000,2026-04-16T00:00:00.000
1F5156,Elevator,Active,2019-10-22T00:00:00.000,1081585,Manhattan,121,WEST  105 STREET,1860,20,10025,40.798818,-73.963936,107,07,1018600020,189,Upper West Side-Manhattan Valley,,2026,2025,2025-10-23T00:00:00.000,2024-08-01T00:00:00.000,2026-04-16T00:00:00.000
1P27667,Elevator,Active,2020-05-06T00:00:00.000,1081585,Manhattan,121,WEST  105 STREET,1860,20,10025,40.798818,-73.963936,107,07,1018600020,189,Upper West Side-Manhattan Valley,,2026,2025,2025-10-23T00:00:00.000,2024-08-01T00:00:00.000,2026-04-16T00:00:00.000
1D10356,Dumbwaiter,Removed,2019-11-01T00:00:00.000,1081585,Manhattan,121,WEST  105 STREET,1860,20,10025,40.798818,-73.963936,107,07,1018600020,189,Upper West Side-Manhattan Valley,,,,,,
1P27666,Elevator,Active,2020-08-28T00:00:00.000,1081585,Manhattan,121,WEST  105 STREET,1860,20,10025,40.798818,-73.963936,107,07,1018600020,189,Upper West Side-Manhattan Valley,,2026,2025,2025-10-23T00:00:00.000,2024-07-31T00:00:00.000,2026-04-16T00:00:00.000
1P20898,Elevator,Active,2019-12-13T00:00:00.000,1081585,Manhattan,121,WEST  105 STREET,1860,20,10025,40.798818,-73.963936,107,07,1018600020,189,Upper West Side-Manhattan Valley,,2026,2025,2025-10-24T00:00:00.000,2024-08-02T00:00:00.000,2026-04-16T00:00:00.000
1P27665,Elevator,Active,2021-01-30T00:00:00.000,1081585,Manhattan,121,WEST  105 STREET,1860,20,10025,40.798818,-73.963936,107,07,1018600020,189,Upper West Side-Manhattan Valley,,2026,2025,2025-10-23T00:00:00.000,2024-07-31T00:00:00.000,2026-04-16T00:00:00.000
1P24913,Elevator,Active,2020-10-21T00:00:00.000,1081585,Manhattan,121,WEST  105 STREET,1860,20,10025,40.798818,-73.963936,107,07,1018600020,189,Upper West Side-Manhattan Valley,,2026,2025,2025-10-23T00:00:00.000,2024-07-30T00:00:00.000,2026-04-16T00:00:00.000
1P24914,Elevator,Active,2020-05-19T00:00:00.000,1081585,Manhattan,121,WEST  105 STREET,1860,20,10025,40.798818,-73.963936,107,07,1018600020,189,Upper West Side-Manhattan Valley,,2026,2025,2025-10-24T00:00:00.000,2024-07-30T00:00:00.000,2026-04-16T00:00:00.000
1P26061,Elevator,Active,2020-03-05T00:00:00.000,1082185,Manhattan,100,EAST   77 STREET,1411,1,10075,40.774178,-73.961148,108,04,1014110001,128,Upper East Side-Carnegie Hill,,2026,2025,2025-08-08T00:00:00.000,2022-05-02T00:00:00.000,2026-06-11T00:00:00.000
1P26062,Elevator,Active,2020-03-05T00:00:00.000,1082185,Manhattan,100,EAST   77 STREET,1411,1,10075,40.774178,-73.961148,108,04,1014110001,128,Upper East Side-Carnegie Hill,,2026,2025,2025-08-08T00:00:00.000,2022-05-02T00:00:00.000,2026-06-11T00:00:00.000
1P27439,Elevator,Active,1988-10-04T00:00:00.000,1082185,Manhattan,100,EAST   77 STREET,1411,1,10075,40.774178,-73.961148,108,04,1014110001,128,Upper East Side-Carnegie Hill,,2026,2025,2025-08-06T00:00:00.000,2022-05-10T00:00:00.000,2026-06-08T00:00:00.000
1P43002,Elevator,Active,2020-03-05T00:00:00.000,1082185,Manhattan,100,EAST   77 STREET,1411,1,10075,40.774178,-73.961148,108,04,1014110001,128,Upper East Side-Carnegie Hill,,2026,2025,2025-08-11T00:00:00.000,2022-05-18T00:00:00.000,2026-06-11T00:00:00.000
1P27441,Elevator,Active,2020-03-05T00:00:00.000,1082185,Manhattan,100,EAST   77 STREET,1411,1,10075,40.774178,-73.961148,108,04,1014110001,128,Upper East Side-Carnegie Hill,,2026,2025,2025-08-06T00:00:00.000,2022-05-23T00:00:00.000,2026-06-09T00:00:00.000
1W0989939,Accessibility Lift,Active,2020-03-06T00:00:00.000,1082185,Manhattan,100,EAST 77 STREET,1411,1,10075,40.774178,-73.961148,108,04,1014110001,128,Upper East Side-Carnegie Hill,PlatformStairwayChairLifts,2026,2025,2025-08-11T00:00:00.000,2020-03-05T00:00:00.000,2026-06-11T00:00:00.000
1P27440,Elevator,Active,2020-03-05T00:00:00.000,1082185,Manhattan,100,EAST   77 STREET,1411,1,10075,40.774178,-73.961148,108,04,1014110001,128,Upper East Side-Carnegie Hill,,2026,2025,2025-08-06T00:00:00.000,2022-05-10T00:00:00.000,2026-06-09T00:00:00.000
1P43001,Elevator,Active,2020-03-05T00:00:00.000,1082185,Manhattan,100,EAST   77 STREET,1411,1,10075,40.774178,-73.961148,108,04,1014110001,128,Upper East Side-Carnegie Hill,,2026,2025,2025-08-11T00:00:00.000,2022-05-18T00:00:00.000,2026-06-11T00:00:00.000
1P21774,Elevator,Active,2025-03-04T00:00:00.000,1082771,Manhattan,605,EAST   14 STREET,972,1,10009,40.729336,-73.977778,106,04,1009720001,44,Stuyvesant Town-Peter Cooper Village,ElectricElevators,2025,2026,2026-01-30T00:00:00.000,2025-12-23T00:00:00.000,2025-10-21T00:00:00.000
1P0986714,Elevator,Active,2018-09-18T00:00:00.000,1082771,Manhattan,629,EAST 14 STREET,972,1,10009,40.729336,-73.977778,106,04,1009720001,44,Stuyvesant Town-Peter Cooper Village,,2025,2026,2026-07-23T00:00:00.000,2018-09-18T00:00:00.000,2025-11-05T00:00:00.000
1P21775,Elevator,Active,2019-09-13T00:00:00.000,1082771,Manhattan,605,EAST   14 STREET,972,1,10009,40.729336,-73.977778,106,04,1009720001,44,Stuyvesant Town-Peter Cooper Village,,2025,2026,2026-01-30T00:00:00.000,2025-12-23T00:00:00.000,2025-10-21T00:00:00.000
1P21776,Elevator,Active,2025-03-04T00:00:00.000,1082771,Manhattan,605,EAST   14 STREET,972,1,10009,40.729336,-73.977778,106,04,1009720001,44,Stuyvesant Town-Peter Cooper Village,ElectricElevators,2025,2026,2026-01-30T00:00:00.000,2025-12-22T00:00:00.000,2025-10-21T00:00:00.000
1P21777,Elevator,Active,2025-07-04T00:00:00.000,1082771,Manhattan,605,EAST   14 STREET,972,1,10009,40.729336,-73.977778,106,04,1009720001,44,Stuyvesant Town-Peter Cooper Village,ElectricElevators,2025,2026,2026-01-30T00:00:00.000,2025-12-22T00:00:00.000,2025-10-21T00:00:00.000
1P986714,Elevator,Active,2018-09-18T00:00:00.000,1082771,Manhattan,605,EAST   14 STREET,972,1,10009,40.729336,-73.977778,106,04,1009720001,44,Stuyvesant Town-Peter Cooper Village,,,,,,
1P21779,Elevator,Active,2025-05-10T00:00:00.000,1082771,Manhattan,605,EAST   14 STREET,972,1,10009,40.729336,-73.977778,106,04,1009720001,44,Stuyvesant Town-Peter Cooper Village,ElectricElevators,2025,2026,2026-03-06T00:00:00.000,2026-01-12T00:00:00.000,2025-10-20T00:00:00.000
1P21778,Elevator,Active,2025-03-04T00:00:00.000,1082771,Manhattan,605,EAST   14 STREET,972,1,10009,40.729336,-73.977778,106,04,1009720001,44,Stuyvesant Town-Peter Cooper Village,ElectricElevators,2025,2026,2026-01-29T00:00:00.000,2025-12-19T00:00:00.000,2025-10-20T00:00:00.000
1P46765,Elevator,Removed,2026-07-22T00:00:00.000,1083638,Manhattan,31,WEST   34 STREET,836,10,10001,40.749256,-73.98648,105,04,1008360010,76,Midtown South-Flatiron-Union Square,,,2020,2020-12-04T00:00:00.000,,
1P46764,Elevator,Removed,2026-07-22T00:00:00.000,1083638,Manhattan,31,WEST   34 STREET,836,10,10001,40.749256,-73.98648,105,04,1008360010,76,Midtown South-Flatiron-Union Square,,,2020,2020-12-04T00:00:00.000,,
1P5976,Elevator,Active,2020-03-02T00:00:00.000,1083638,Manhattan,31,WEST   34 STREET,836,10,10001,40.749256,-73.98648,105,04,1008360010,76,Midtown South-Flatiron-Union Square,,2026,2026,2026-05-26T00:00:00.000,2022-03-28T00:00:00.000,2026-01-06T00:00:00.000
1P5978,Elevator,Removed,2000-02-29T00:00:00.000,1083638,Manhattan,31,WEST   34 STREET,836,10,10001,40.749256,-73.98648,105,04,1008360010,76,Midtown South-Flatiron-Union Square,,,,,,
1P5972,Elevator,Removed,2000-02-29T00:00:00.000,1083638,Manhattan,31,WEST   34 STREET,836,10,10001,40.749256,-73.98648,105,04,1008360010,76,Midtown South-Flatiron-Union Square,,,,,,
1P8384,Elevator,Removed,1991-02-13T00:00:00.000,1083638,Manhattan,31,WEST   34 STREET,836,10,10001,40.749256,-73.98648,105,04,1008360010,76,Midtown South-Flatiron-Union Square,,,,,,
1P1003590,Elevator,Work in Progress,2026-07-20T00:00:00.000,1083638,Manhattan,31,WEST   34 STREET,836,10,10001,40.749256,-73.98648,105,04,1008360010,76,Midtown South-Flatiron-Union Square,,,,,,
1P1003589,Elevator,Work in Progress,2026-07-20T00:00:00.000,1083638,Manhattan,31,WEST   34 STREET,836,10,10001,40.749256,-73.98648,105,04,1008360010,76,Midtown South-Flatiron-Union Square,,,,,,
1P5970,Elevator,Removed,2002-09-03T00:00:00.000,1083638,Manhattan,31,WEST   34 STREET,836,10,10001,40.749256,-73.98648,105,04,1008360010,76,Midtown South-Flatiron-Union Square,,,,,,
1P1003588,Elevator,Work in Progress,2026-07-20T00:00:00.000,1083638,Manhattan,31,WEST   34 STREET,836,10,10001,40.749256,-73.98648,105,04,1008360010,76,Midtown South-Flatiron-Union Square,,,,,,
1E1003622,Escalator,Work in Progress,2026-07-27T00:00:00.000,1083638,Manhattan,31,WEST   34 STREET,836,10,10001,40.749256,-73.98648,105,04,1008360010,76,Midtown South-Flatiron-Union Square,,,,,,
1E20061,Escalator,Removed,2011-06-03T00:00:00.000,1083638,Manhattan,31,WEST   34 STREET,836,10,10001,40.749256,-73.98648,105,04,1008360010,76,Midtown South-Flatiron-Union Square,,,,,,
1E1003623,Escalator,Work in Progress,2026-07-27T00:00:00.000,1083638,Manhattan,31,WEST   34 STREET,836,10,10001,40.749256,-73.98648,105,04,1008360010,76,Midtown South-Flatiron-Union Square,,,,,,
1P5974,Elevator,Active,2020-03-02T00:00:00.000,1083638,Manhattan,31,WEST   34 STREET,836,10,10001,40.749256,-73.98648,105,04,1008360010,76,Midtown South-Flatiron-Union Square,,2026,2026,2026-05-26T00:00:00.000,2022-03-29T00:00:00.000,2026-01-06T00:00:00.000
1E20063,Escalator,Removed,2011-06-03T00:00:00.000,1083638,Manhattan,31,WEST   34 STREET,836,10,10001,40.749256,-73.98648,105,04,1008360010,76,Midtown South-Flatiron-Union Square,,,,,,
1P5971,Elevator,Removed,1987-01-27T00:00:00.000,1083638,Manhattan,31,WEST   34 STREET,836,10,10001,40.749256,-73.98648,105,04,1008360010,76,Midtown South-Flatiron-Union Square,,,,,,
1P5973,Elevator,Removed,2000-02-29T00:00:00.000,1083638,Manhattan,31,WEST   34 STREET,836,10,10001,40.749256,-73.98648,105,04,1008360010,76,Midtown South-Flatiron-Union Square,,,,,,
1P5980,Elevator,Removed,2026-08-27T00:00:00.000,1083638,Manhattan,31,WEST   34 STREET,836,10,10001,40.749256,-73.98648,105,04,1008360010,76,Midtown South-Flatiron-Union Square,,,,,,
1P5979,Elevator,Removed,2026-08-27T00:00:00.000,1083638,Manhattan,31,WEST   34 STREET,836,10,10001,40.749256,-73.98648,105,04,1008360010,76,Midtown South-Flatiron-Union Square,,,,,,
1E381,Escalator,Removed,2000-08-09T00:00:00.000,1083638,Manhattan,31,WEST   34 STREET,836,10,10001,40.749256,-73.98648,105,04,1008360010,76,Midtown South-Flatiron-Union Square,,,,,,
1E20062,Escalator,Removed,2012-08-17T00:00:00.000,1083638,Manhattan,31,WEST   34 STREET,836,10,10001,40.749256,-73.98648,105,04,1008360010,76,Midtown South-Flatiron-Union Square,,,,,,
1E20060,Escalator,Removed,2012-08-17T00:00:00.000,1083638,Manhattan,31,WEST   34 STREET,836,10,10001,40.749256,-73.98648,105,04,1008360010,76,Midtown South-Flatiron-Union Square,,,,,,
1P5981,Elevator,Active,2020-03-02T00:00:00.000,1083638,Manhattan,31,WEST   34 STREET,836,10,10001,40.749256,-73.98648,105,04,1008360010,76,Midtown South-Flatiron-Union Square,,2026,2026,2026-05-27T00:00:00.000,2022-03-29T00:00:00.000,2026-01-06T00:00:00.000
1P5982,Elevator,Active,2020-03-02T00:00:00.000,1083638,Manhattan,31,WEST   34 STREET,836,10,10001,40.749256,-73.98648,105,04,1008360010,76,Midtown South-Flatiron-Union Square,,2026,2026,2026-05-27T00:00:00.000,2022-03-30T00:00:00.000,2026-01-06T00:00:00.000
1F10008,Elevator,Removed,2002-08-09T00:00:00.000,1083638,Manhattan,31,WEST   34 STREET,836,10,10001,40.749256,-73.98648,105,04,1008360010,76,Midtown South-Flatiron-Union Square,,,,,,
1V135,Conveyor,Active,2009-01-26T00:00:00.000,1083638,Manhattan,31,WEST   34 STREET,836,10,10001,40.749256,-73.98648,105,04,1008360010,76,Midtown South-Flatiron-Union Square,,,,,,
1F3153,Elevator,Active,2020-03-02T00:00:00.000,1083638,Manhattan,31,WEST   34 STREET,836,10,10001,40.749256,-73.98648,105,04,1008360010,76,Midtown South-Flatiron-Union Square,,2026,2026,2026-05-27T00:00:00.000,2022-03-31T00:00:00.000,2026-01-06T00:00:00.000
1P5977,Elevator,Removed,2000-02-29T00:00:00.000,1083638,Manhattan,31,WEST   34 STREET,836,10,10001,40.749256,-73.98648,105,04,1008360010,76,Midtown South-Flatiron-Union Square,,,,,,
1F3154,Elevator,Removed,2012-08-06T00:00:00.000,1083638,Manhattan,31,WEST   34 STREET,836,10,10001,40.749256,-73.98648,105,04,1008360010,76,Midtown South-Flatiron-Union Square,,,,,,
1P46959,Elevator,Active,2020-03-02T00:00:00.000,1083638,Manhattan,31,WEST   34 STREET,836,10,10001,40.749256,-73.98648,105,04,1008360010,76,Midtown South-Flatiron-Union Square,,2026,2026,2026-05-26T00:00:00.000,2022-03-30T00:00:00.000,2026-01-06T00:00:00.000
1P5975,Elevator,Active,2020-03-02T00:00:00.000,1083638,Manhattan,31,WEST   34 STREET,836,10,10001,40.749256,-73.98648,105,04,1008360010,76,Midtown South-Flatiron-Union Square,,2026,2026,2026-05-26T00:00:00.000,2022-03-28T00:00:00.000,2026-01-06T00:00:00.000
1E380,Escalator,Removed,2000-08-09T00:00:00.000,1083638,Manhattan,31,WEST   34 STREET,836,10,10001,40.749256,-73.98648,105,04,1008360010,76,Midtown South-Flatiron-Union Square,,,,,,
1W5691,Accessibility Lift,Active,2004-05-26T00:00:00.000,1084594,Manhattan,40,1 PLACE,16,10,10280,40.706454,-74.018586,101,01,1000160010,31704,Financial District-Battery Park City,,,,,,
1E20103,Escalator,Active,1997-08-18T00:00:00.000,1084594,Manhattan,40,1 PLACE,16,10,10280,40.706454,-74.018586,101,01,1000160010,31704,Financial District-Battery Park City,,2025,2026,2026-07-06T00:00:00.000,,2025-05-07T00:00:00.000
1P40265,Elevator,Active,1997-07-23T00:00:00.000,1084594,Manhattan,40,1 PLACE,16,10,10280,40.706454,-74.018586,101,01,1000160010,31704,Financial District-Battery Park City,,2025,2026,2026-07-07T00:00:00.000,2026-07-07T00:00:00.000,2025-05-07T00:00:00.000
1E20102,Escalator,Active,1997-08-18T00:00:00.000,1084594,Manhattan,40,1 PLACE,16,10,10280,40.706454,-74.018586,101,01,1000160010,31704,Financial District-Battery Park City,,2025,2026,2026-07-06T00:00:00.000,,2025-05-07T00:00:00.000
1P40266,Elevator,Active,1997-07-23T00:00:00.000,1084594,Manhattan,40,1 PLACE,16,10,10280,40.706454,-74.018586,101,01,1000160010,31704,Financial District-Battery Park City,,2025,2026,2026-07-07T00:00:00.000,2026-07-07T00:00:00.000,2025-05-07T00:00:00.000
1P42715,Elevator,Active,2020-03-23T00:00:00.000,1084594,Manhattan,40,1 PLACE,16,10,10280,40.706454,-74.018586,101,01,1000160010,31704,Financial District-Battery Park City,,2026,2026,2026-05-07T00:00:00.000,2023-05-25T00:00:00.000,2026-08-26T00:00:00.000
1P42714,Elevator,Active,2020-03-23T00:00:00.000,1084594,Manhattan,40,1 PLACE,16,10,10280,40.706454,-74.018586,101,01,1000160010,31704,Financial District-Battery Park City,,2026,2026,2026-05-07T00:00:00.000,2023-06-30T00:00:00.000,2026-08-26T00:00:00.000
1P42776,Elevator,Active,2020-03-23T00:00:00.000,1084594,Manhattan,40,1 PLACE,16,10,10280,40.706454,-74.018586,101,01,1000160010,31704,Financial District-Battery Park City,,2026,2026,2026-05-07T00:00:00.000,2023-05-26T00:00:00.000,2026-08-26T00:00:00.000
1D10038,Dumbwaiter,Dismantled,2009-01-15T00:00:00.000,1084594,Manhattan,40,1 PLACE,16,10,10280,40.706454,-74.018586,101,01,1000160010,31704,Financial District-Battery Park City,,,,,,
1V20981,Personnel Hoist,Removed,2004-08-19T00:00:00.000,1084594,Manhattan,40,1 PLACE,16,10,10280,40.706454,-74.018586,101,01,1000160010,31704,Financial District-Battery Park City,,,,,,
1D10335,Dumbwaiter,Dismantled,2009-01-15T00:00:00.000,1084594,Manhattan,40,1 PLACE,16,10,10280,40.706454,-74.018586,101,01,1000160010,31704,Financial District-Battery Park City,,,,,,
1V20980,Personnel Hoist,Removed,2004-08-19T00:00:00.000,1084594,Manhattan,40,1 PLACE,16,10,10280,40.706454,-74.018586,101,01,1000160010,31704,Financial District-Battery Park City,,,,,,
1P42808,Elevator,Active,2021-02-05T00:00:00.000,1086101,Manhattan,600,WASHINGTON STREET,602,10,10014,40.730545,-74.00906,102,03,1006020010,69,West Village,,2026,2026,2026-01-21T00:00:00.000,2023-08-22T00:00:00.000,2026-04-27T00:00:00.000
1P42812,Elevator,Active,2020-04-24T00:00:00.000,1086101,Manhattan,600,WASHINGTON STREET,602,10,10014,40.730545,-74.00906,102,03,1006020010,69,West Village,,2026,2026,2026-04-13T00:00:00.000,2023-05-11T00:00:00.000,2026-08-13T00:00:00.000
1P42811,Elevator,Active,2020-04-24T00:00:00.000,1086101,Manhattan,600,WASHINGTON STREET,602,10,10014,40.730545,-74.00906,102,03,1006020010,69,West Village,,2026,2026,2026-04-13T00:00:00.000,2023-05-11T00:00:00.000,2026-08-13T00:00:00.000
1P42810,Elevator,Active,2021-02-05T00:00:00.000,1086101,Manhattan,600,WASHINGTON STREET,602,10,10014,40.730545,-74.00906,102,03,1006020010,69,West Village,,2026,2026,2026-01-21T00:00:00.000,2023-08-23T00:00:00.000,2026-04-27T00:00:00.000
1P42814,Elevator,Active,2021-02-05T00:00:00.000,1086101,Manhattan,600,WASHINGTON STREET,602,10,10014,40.730545,-74.00906,102,03,1006020010,69,West Village,,2026,2026,2026-01-22T00:00:00.000,2023-08-24T00:00:00.000,2026-04-27T00:00:00.000
1P42809,Elevator,Active,2021-02-05T00:00:00.000,1086101,Manhattan,600,WASHINGTON STREET,602,10,10014,40.730545,-74.00906,102,03,1006020010,69,West Village,,2026,2026,2026-01-21T00:00:00.000,2023-08-23T00:00:00.000,2026-04-27T00:00:00.000
1P42813,Elevator,Active,2021-02-05T00:00:00.000,1086101,Manhattan,600,WASHINGTON STREET,602,10,10014,40.730545,-74.00906,102,03,1006020010,69,West Village,,2026,2026,2026-01-22T00:00:00.000,2023-08-24T00:00:00.000,2026-04-27T00:00:00.000
1P42807,Elevator,Active,2021-02-05T00:00:00.000,1086101,Manhattan,600,WASHINGTON STREET,602,10,10014,40.730545,-74.00906,102,03,1006020010,69,West Village,,2026,2026,2026-01-21T00:00:00.000,2023-08-22T00:00:00.000,2026-04-27T00:00:00.000
1P7118,Elevator,Removed,2005-07-12T00:00:00.000,1087187,Manhattan,1600,BROADWAY,1020,7502,10019,40.76035,-73.984713,105,03,1010207502,125,Midtown-Times Square,,,,,,
1E20669,Escalator,Active,2019-02-23T00:00:00.000,1087187,Manhattan,1600,BROADWAY,1020,7502,10019,40.76035,-73.984713,105,03,1010207502,125,Midtown-Times Square,,2026,2025,2025-10-16T00:00:00.000,,2026-04-01T00:00:00.000
1P43738,Elevator,Active,2007-08-10T00:00:00.000,1087187,Manhattan,1600,BROADWAY,1020,7502,10019,40.76035,-73.984713,105,03,1010207502,125,Midtown-Times Square,,2025,2026,2026-07-01T00:00:00.000,2025-11-12T00:00:00.000,2025-05-19T00:00:00.000
1P43737,Elevator,Active,2006-02-17T00:00:00.000,1087187,Manhattan,1600,BROADWAY,1020,7502,10019,40.76035,-73.984713,105,03,1010207502,125,Midtown-Times Square,,2025,2026,2026-07-01T00:00:00.000,2025-11-12T00:00:00.000,2025-05-19T00:00:00.000
1P44343,Elevator,Active,2021-11-16T00:00:00.000,1087187,Manhattan,1600,BROADWAY,1020,7502,10019,40.76035,-73.984713,105,03,1010207502,125,Midtown-Times Square,,2026,2025,2025-10-15T00:00:00.000,2022-10-26T00:00:00.000,2026-04-01T00:00:00.000
1P43739,Elevator,Active,2007-08-10T00:00:00.000,1087187,Manhattan,1600,BROADWAY,1020,7502,10019,40.76035,-73.984713,105,03,1010207502,125,Midtown-Times Square,,2025,2026,2026-07-01T00:00:00.000,2025-11-13T00:00:00.000,2025-05-19T00:00:00.000
1P7119,Elevator,Removed,2005-07-12T00:00:00.000,1087187,Manhattan,1600,BROADWAY,1020,7502,10019,40.76035,-73.984713,105,03,1010207502,125,Midtown-Times Square,,,,,,
1P14758,Elevator,Removed,2005-07-12T00:00:00.000,1087187,Manhattan,1600,BROADWAY,1020,7502,10019,40.76035,-73.984713,105,03,1010207502,125,Midtown-Times Square,,,,,,
1V21461,Personnel Hoist,Removed,2009-01-06T00:00:00.000,1087187,Manhattan,1600,BROADWAY,1020,7502,10019,40.76035,-73.984713,105,03,1010207502,125,Midtown-Times Square,,,,,,
1P7120,Elevator,Removed,2005-07-12T00:00:00.000,1087187,Manhattan,1600,BROADWAY,1020,7502,10019,40.76035,-73.984713,105,03,1010207502,125,Midtown-Times Square,,,,,,
1V21460,Personnel Hoist,Removed,2009-01-06T00:00:00.000,1087187,Manhattan,1600,BROADWAY,1020,7502,10019,40.76035,-73.984713,105,03,1010207502,125,Midtown-Times Square,,,,,,
1E20668,Escalator,Active,2006-12-15T00:00:00.000,1087187,Manhattan,1600,BROADWAY,1020,7502,10019,40.76035,-73.984713,105,03,1010207502,125,Midtown-Times Square,,2026,2025,2025-10-16T00:00:00.000,,2026-04-01T00:00:00.000
1P44338,Elevator,Active,2021-11-16T00:00:00.000,1087187,Manhattan,1600,BROADWAY,1020,7502,10019,40.76035,-73.984713,105,03,1010207502,125,Midtown-Times Square,,2026,2025,2025-10-15T00:00:00.000,2021-11-29T00:00:00.000,2026-04-01T00:00:00.000
1E20673,Escalator,Active,2006-12-15T00:00:00.000,1087187,Manhattan,1600,BROADWAY,1020,7502,10019,40.76035,-73.984713,105,03,1010207502,125,Midtown-Times Square,,2026,2025,2025-10-17T00:00:00.000,,2026-04-01T00:00:00.000
1V21870,Personnel Hoist,Removed,2008-06-27T00:00:00.000,1087842,Manhattan,70,LITTLE WEST STREET,16,7517,10004,40.707093,-74.017381,101,01,1000167517,31704,Financial District-Battery Park City,,,,,,
1P44506,Elevator,Active,2009-06-15T00:00:00.000,1087842,Manhattan,70,LITTLE WEST STREET,16,7517,10004,40.707093,-74.017381,101,01,1000167517,31704,Financial District-Battery Park City,,2026,2025,2025-07-29T00:00:00.000,2024-09-26T00:00:00.000,2026-04-16T00:00:00.000
1V21869,Personnel Hoist,Removed,2008-12-18T00:00:00.000,1087842,Manhattan,70,LITTLE WEST STREET,16,7517,10004,40.707093,-74.017381,101,01,1000167517,31704,Financial District-Battery Park City,,,,,,
1P44536,Elevator,Active,2008-05-30T00:00:00.000,1087842,Manhattan,70,LITTLE WEST STREET,16,7517,10004,40.707093,-74.017381,101,01,1000167517,31704,Financial District-Battery Park City,,2026,2025,2025-05-23T00:00:00.000,2023-04-03T00:00:00.000,2026-04-06T00:00:00.000
1F10208,Elevator,Active,2009-06-15T00:00:00.000,1087842,Manhattan,70,LITTLE WEST STREET,16,7517,10004,40.707093,-74.017381,101,01,1000167517,31704,Financial District-Battery Park City,,2026,2025,2025-07-29T00:00:00.000,2024-09-23T00:00:00.000,2026-04-16T00:00:00.000
1P44535,Elevator,Active,2008-05-28T00:00:00.000,1087842,Manhattan,70,LITTLE WEST STREET,16,7517,10004,40.707093,-74.017381,101,01,1000167517,31704,Financial District-Battery Park City,,2026,2025,2025-05-23T00:00:00.000,2023-04-03T00:00:00.000,2026-04-06T00:00:00.000
1P44528,Elevator,Active,2008-06-20T00:00:00.000,1087842,Manhattan,70,LITTLE WEST STREET,16,7517,10004,40.707093,-74.017381,101,01,1000167517,31704,Financial District-Battery Park City,,2026,2025,2025-05-23T00:00:00.000,2023-04-04T00:00:00.000,2026-04-06T00:00:00.000
1V21871,Personnel Hoist,Removed,2008-06-27T00:00:00.000,1087842,Manhattan,70,LITTLE WEST STREET,16,7517,10004,40.707093,-74.017381,101,01,1000167517,31704,Financial District-Battery Park City,,,,,,
1P44507,Elevator,Active,2009-06-15T00:00:00.000,1087842,Manhattan,70,LITTLE WEST STREET,16,7517,10004,40.707093,-74.017381,101,01,1000167517,31704,Financial District-Battery Park City,,2026,2025,2025-07-29T00:00:00.000,2024-09-26T00:00:00.000,2026-04-16T00:00:00.000
1P44529,Elevator,Active,2010-03-16T00:00:00.000,1087842,Manhattan,70,LITTLE WEST STREET,16,7517,10004,40.707093,-74.017381,101,01,1000167517,31704,Financial District-Battery Park City,,2026,2025,2025-05-23T00:00:00.000,2023-04-05T00:00:00.000,2026-04-06T00:00:00.000
1V21868,Personnel Hoist,Removed,2008-12-18T00:00:00.000,1087842,Manhattan,70,LITTLE WEST STREET,16,7517,10004,40.707093,-74.017381,101,01,1000167517,31704,Financial District-Battery Park City,,,,,,
1P44527,Elevator,Active,2008-09-19T00:00:00.000,1087842,Manhattan,70,LITTLE WEST STREET,16,7517,10004,40.707093,-74.017381,101,01,1000167517,31704,Financial District-Battery Park City,,2026,2025,2025-05-23T00:00:00.000,2023-04-04T00:00:00.000,2026-04-06T00:00:00.000
1P47135,Elevator,Active,2014-02-07T00:00:00.000,1088609,Manhattan,85,ST NICHOLAS TERRACE,1957,1,10031,40.814664,-73.950525,109,09,1019570001,21703,Manhattanville-West Harlem,,2026,2026,2026-07-27T00:00:00.000,2025-02-06T00:00:00.000,2026-02-13T00:00:00.000
1P47163,Elevator,Active,2014-07-30T00:00:00.000,1088609,Manhattan,85,ST NICHOLAS TERRACE,1957,1,10031,40.814664,-73.950525,109,09,1019570001,21703,Manhattanville-West Harlem,,2026,2026,2026-07-28T00:00:00.000,2025-02-07T00:00:00.000,2026-02-13T00:00:00.000
1P47138,Elevator,Active,2014-02-28T00:00:00.000,1088609,Manhattan,85,ST NICHOLAS TERRACE,1957,1,10031,40.814664,-73.950525,109,09,1019570001,21703,Manhattanville-West Harlem,,2026,2026,2026-07-28T00:00:00.000,2025-02-07T00:00:00.000,2026-02-13T00:00:00.000
1P47136,Elevator,Active,2014-02-07T00:00:00.000,1088609,Manhattan,85,ST NICHOLAS TERRACE,1957,1,10031,40.814664,-73.950525,109,09,1019570001,21703,Manhattanville-West Harlem,,2026,2026,2026-07-27T00:00:00.000,2024-05-17T00:00:00.000,2026-02-13T00:00:00.000
1P47128,Elevator,Active,2014-01-22T00:00:00.000,1088609,Manhattan,85,ST NICHOLAS TERRACE,1957,1,10031,40.814664,-73.950525,109,09,1019570001,21703,Manhattanville-West Harlem,,2026,2026,2026-07-27T00:00:00.000,2024-05-16T00:00:00.000,2026-02-13T00:00:00.000
1P47137,Elevator,Active,2014-02-28T00:00:00.000,1088609,Manhattan,85,ST NICHOLAS TERRACE,1957,1,10031,40.814664,-73.950525,109,09,1019570001,21703,Manhattanville-West Harlem,,2026,2026,2026-07-28T00:00:00.000,2025-02-06T00:00:00.000,2026-02-13T00:00:00.000
1P47164,Elevator,Active,2013-05-28T00:00:00.000,1088609,Manhattan,85,ST NICHOLAS TERRACE,1957,1,10031,40.814664,-73.950525,109,09,1019570001,21703,Manhattanville-West Harlem,,2026,2026,2026-07-28T00:00:00.000,2024-05-17T00:00:00.000,2026-02-13T00:00:00.000
1P47129,Elevator,Active,2014-08-15T00:00:00.000,1088609,Manhattan,85,ST NICHOLAS TERRACE,1957,1,10031,40.814664,-73.950525,109,09,1019570001,21703,Manhattanville-West Harlem,,2026,2026,2026-07-27T00:00:00.000,2024-05-16T00:00:00.000,2026-02-13T00:00:00.000
1W43,Accessibility Lift,Active,2010-02-02T00:00:00.000,1089452,Manhattan,525,EAST   72 STREET,1484,16,10021,40.766314,-73.952456,108,05,1014840026,124,Upper East Side-Lenox Hill-Roosevelt Island,,2025,2026,2026-06-12T00:00:00.000,,2025-04-08T00:00:00.000
1P35161,Elevator,Active,2019-10-03T00:00:00.000,1089452,Manhattan,525,EAST   72 STREET,1484,16,10021,40.766314,-73.952456,108,05,1014840026,124,Upper East Side-Lenox Hill-Roosevelt Island,,2025,2026,2026-06-12T00:00:00.000,2024-10-03T00:00:00.000,2025-04-08T00:00:00.000
1P35164,Elevator,Active,1990-03-09T00:00:00.000,1089452,Manhattan,525,EAST   72 STREET,1484,16,10021,40.766314,-73.952456,108,05,1014840026,124,Upper East Side-Lenox Hill-Roosevelt Island,,2025,2026,2026-06-12T00:00:00.000,,2025-04-08T00:00:00.000
1P35361,Elevator,Active,1992-11-10T00:00:00.000,1089452,Manhattan,525,EAST   72 STREET,1484,16,10021,40.766314,-73.952456,108,05,1014840026,124,Upper East Side-Lenox Hill-Roosevelt Island,,2025,2026,2026-06-12T00:00:00.000,,2025-04-08T00:00:00.000
1P35045,Elevator,Active,2022-01-11T00:00:00.000,1089452,Manhattan,525,EAST   72 STREET,1484,16,10021,40.766314,-73.952456,108,05,1014840026,124,Upper East Side-Lenox Hill-Roosevelt Island,,2025,2026,2026-06-10T00:00:00.000,2026-06-10T00:00:00.000,2025-04-08T00:00:00.000
1P35162,Elevator,Active,2020-04-21T00:00:00.000,1089452,Manhattan,525,EAST   72 STREET,1484,16,10021,40.766314,-73.952456,108,05,1014840026,124,Upper East Side-Lenox Hill-Roosevelt Island,,2025,2026,2026-06-11T00:00:00.000,2026-06-11T00:00:00.000,2025-04-08T00:00:00.000
1P35046,Elevator,Active,2022-04-21T00:00:00.000,1089452,Manhattan,525,EAST   72 STREET,1484,16,10021,40.766314,-73.952456,108,05,1014840026,124,Upper East Side-Lenox Hill-Roosevelt Island,ElectricElevators,2025,2026,2026-06-10T00:00:00.000,2026-06-10T00:00:00.000,2025-04-08T00:00:00.000
1P35163,Elevator,Active,2019-07-26T00:00:00.000,1089452,Manhattan,525,EAST   72 STREET,1484,16,10021,40.766314,-73.952456,108,05,1014840026,124,Upper East Side-Lenox Hill-Roosevelt Island,,2025,2026,2026-06-11T00:00:00.000,2026-06-11T00:00:00.000,2025-04-08T00:00:00.000
1P47651,Elevator,Active,2020-12-08T00:00:00.000,1089743,Manhattan,150,CHARLES STREET,636,7503,10014,40.734034,-74.008811,102,03,1006367503,75,West Village,,2025,2026,2026-04-21T00:00:00.000,2025-02-25T00:00:00.000,2025-07-21T00:00:00.000
1P47657,Elevator,Active,2020-12-08T00:00:00.000,1089743,Manhattan,150,CHARLES STREET,636,7503,10014,40.734034,-74.008811,102,03,1006367503,75,West Village,,2025,2026,2026-04-22T00:00:00.000,2025-02-24T00:00:00.000,2025-07-21T00:00:00.000
1F2389,Elevator,Removed,2011-04-25T00:00:00.000,1089743,Manhattan,287,WEST   10 STREET,636,7503,10014,40.734034,-74.008811,102,03,1006367503,75,West Village,,,,,,
1P47655,Elevator,Active,2020-12-08T00:00:00.000,1089743,Manhattan,150,CHARLES STREET,636,7503,10014,40.734034,-74.008811,102,03,1006367503,75,West Village,,2025,2026,2026-04-21T00:00:00.000,2025-02-26T00:00:00.000,2025-07-21T00:00:00.000
1F2387,Elevator,Removed,2011-04-25T00:00:00.000,1089743,Manhattan,287,WEST   10 STREET,636,7503,10014,40.734034,-74.008811,102,03,1006367503,75,West Village,,,,,,
1D10849,Dumbwaiter,Active,2016-05-11T00:00:00.000,1089743,Manhattan,150,CHARLES STREET,636,7503,10014,40.734034,-74.008811,102,03,1006367503,75,West Village,,2026,2026,2026-07-21T00:00:00.000,,2026-04-21T00:00:00.000
1P47653,Elevator,Active,2020-12-08T00:00:00.000,1089743,Manhattan,150,CHARLES STREET,636,7503,10014,40.734034,-74.008811,102,03,1006367503,75,West Village,,2025,2026,2026-04-21T00:00:00.000,2025-02-25T00:00:00.000,2025-07-21T00:00:00.000
1F2388,Elevator,Removed,2011-04-25T00:00:00.000,1089743,Manhattan,287,WEST   10 STREET,636,7503,10014,40.734034,-74.008811,102,03,1006367503,75,West Village,,,,,,
1P20188,Elevator,Removed,2011-04-25T00:00:00.000,1089743,Manhattan,287,WEST   10 STREET,636,7503,10014,40.734034,-74.008811,102,03,1006367503,75,West Village,,,,,,
1P48249,Elevator,Active,2015-07-31T00:00:00.000,1089743,Manhattan,150,CHARLES STREET,636,7503,10014,40.734034,-74.008811,102,03,1006367503,75,West Village,,2025,2026,2026-04-22T00:00:00.000,2025-02-26T00:00:00.000,2025-07-21T00:00:00.000
1P48255,Elevator,Active,2016-04-05T00:00:00.000,1089743,Manhattan,150,CHARLES STREET,636,7503,10014,40.734034,-74.008811,102,03,1006367503,75,West Village,,2025,2026,2026-04-22T00:00:00.000,2026-04-22T00:00:00.000,2025-07-21T00:00:00.000
1V22928,Personnel Hoist,Removed,2015-03-06T00:00:00.000,1089743,Manhattan,150,CHARLES STREET,636,7503,10014,40.734034,-74.008811,102,03,1006367503,75,West Village,,,,,,
1P47656,Elevator,Active,2020-12-08T00:00:00.000,1089743,Manhattan,150,CHARLES STREET,636,7503,10014,40.734034,-74.008811,102,03,1006367503,75,West Village,,2025,2026,2026-04-21T00:00:00.000,2025-02-24T00:00:00.000,2025-07-21T00:00:00.000
1F5237,Elevator,Removed,2011-04-25T00:00:00.000,1089743,Manhattan,287,WEST   10 STREET,636,7503,10014,40.734034,-74.008811,102,03,1006367503,75,West Village,,,,,,
1V22927,Personnel Hoist,Removed,2015-03-06T00:00:00.000,1089743,Manhattan,150,CHARLES STREET,636,7503,10014,40.734034,-74.008811,102,03,1006367503,75,West Village,,,,,,
1V22857,Personnel Hoist,Removed,2016-04-11T00:00:00.000,1089803,Manhattan,825,FIRST AVENUE,1339,7502,10017,40.7515,-73.967885,106,04,1013397502,90,East Midtown-Turtle Bay,,,,,,
1V22855,Personnel Hoist,Removed,2016-04-06T00:00:00.000,1089803,Manhattan,825,FIRST AVENUE,1339,7502,10017,40.7515,-73.967885,106,04,1013397502,90,East Midtown-Turtle Bay,,,,,,
1P6735,Elevator,Removed,2007-12-13T00:00:00.000,1089803,Manhattan,825,FIRST AVENUE,1339,7502,10017,40.7515,-73.967885,106,04,1013397502,90,East Midtown-Turtle Bay,,,,,,
1F10333,Elevator,Active,2014-12-18T00:00:00.000,1089803,Manhattan,825,FIRST AVENUE,1339,7502,10017,40.7515,-73.967885,106,04,1013397502,90,East Midtown-Turtle Bay,,2026,2025,2025-07-31T00:00:00.000,,2026-02-09T00:00:00.000
1P6764,Elevator,Removed,2007-12-13T00:00:00.000,1089803,Manhattan,825,FIRST AVENUE,1339,7502,10017,40.7515,-73.967885,106,04,1013397502,90,East Midtown-Turtle Bay,,,,,,
1P7328,Elevator,Removed,2007-12-13T00:00:00.000,1089803,Manhattan,825,FIRST AVENUE,1339,7502,10017,40.7515,-73.967885,106,04,1013397502,90,East Midtown-Turtle Bay,,,,,,
1F10332,Elevator,Active,2015-05-06T00:00:00.000,1089803,Manhattan,825,FIRST AVENUE,1339,7502,10017,40.7515,-73.967885,106,04,1013397502,90,East Midtown-Turtle Bay,,2026,2025,2025-07-31T00:00:00.000,,2026-02-09T00:00:00.000
1P47473,Elevator,Active,2020-06-05T00:00:00.000,1089803,Manhattan,825,FIRST AVENUE,1339,7502,10017,40.7515,-73.967885,106,04,1013397502,90,East Midtown-Turtle Bay,,2026,2025,2025-07-30T00:00:00.000,2023-06-20T00:00:00.000,2026-02-09T00:00:00.000
1P6760,Elevator,Removed,1999-08-30T00:00:00.000,1089803,Manhattan,825,FIRST AVENUE,1339,7502,10017,40.7515,-73.967885,106,04,1013397502,90,East Midtown-Turtle Bay,,,,,,
1V22853,Personnel Hoist,Removed,2016-04-06T00:00:00.000,1089803,Manhattan,825,FIRST AVENUE,1339,7502,10017,40.7515,-73.967885,106,04,1013397502,90,East Midtown-Turtle Bay,,,,,,
1P6766,Elevator,Removed,2009-10-30T00:00:00.000,1089803,Manhattan,825,FIRST AVENUE,1339,7502,10017,40.7515,-73.967885,106,04,1013397502,90,East Midtown-Turtle Bay,,,,,,
1P6765,Elevator,Removed,2007-12-13T00:00:00.000,1089803,Manhattan,825,FIRST AVENUE,1339,7502,10017,40.7515,-73.967885,106,04,1013397502,90,East Midtown-Turtle Bay,,,,,,
1P47472,Elevator,Active,2020-06-05T00:00:00.000,1089803,Manhattan,825,FIRST AVENUE,1339,7502,10017,40.7515,-73.967885,106,04,1013397502,90,East Midtown-Turtle Bay,,2026,2025,2025-07-30T00:00:00.000,2023-06-20T00:00:00.000,2026-02-09T00:00:00.000
1P47475,Elevator,Active,2020-06-05T00:00:00.000,1089803,Manhattan,825,FIRST AVENUE,1339,7502,10017,40.7515,-73.967885,106,04,1013397502,90,East Midtown-Turtle Bay,,2026,2025,2025-07-31T00:00:00.000,,2026-02-09T00:00:00.000
1W5208,Accessibility Lift,Removed,2013-02-22T00:00:00.000,1089803,Manhattan,825,FIRST AVENUE,1339,7502,10017,40.7515,-73.967885,106,04,1013397502,90,East Midtown-Turtle Bay,,,,,,
1P47474,Elevator,Active,2020-06-05T00:00:00.000,1089803,Manhattan,825,FIRST AVENUE,1339,7502,10017,40.7515,-73.967885,106,04,1013397502,90,East Midtown-Turtle Bay,,2026,2025,2025-07-31T00:00:00.000,2023-06-20T00:00:00.000,2026-02-09T00:00:00.000
1P48468,Elevator,Active,2015-10-23T00:00:00.000,1089803,Manhattan,825,FIRST AVENUE,1339,7502,10017,40.7515,-73.967885,106,04,1013397502,90,East Midtown-Turtle Bay,,2026,2025,2025-07-31T00:00:00.000,2025-07-31T00:00:00.000,2026-02-09T00:00:00.000
1V22854,Personnel Hoist,Active,2016-04-06T00:00:00.000,1089803,Manhattan,825,FIRST AVENUE,1339,7502,10017,40.7515,-73.967885,106,04,1013397502,90,East Midtown-Turtle Bay,,,,,,
1F724,Elevator,Removed,2009-10-30T00:00:00.000,1089803,Manhattan,825,FIRST AVENUE,1339,7502,10017,40.7515,-73.967885,106,04,1013397502,90,East Midtown-Turtle Bay,,,,,,
1V22856,Personnel Hoist,Removed,2016-04-06T00:00:00.000,1089803,Manhattan,825,FIRST AVENUE,1339,7502,10017,40.7515,-73.967885,106,04,1013397502,90,East Midtown-Turtle Bay,,,,,,
1P48505,Elevator,Active,2021-02-17T00:00:00.000,1089968,Manhattan,514,WEST   28 STREET,699,43,10001,40.751206,-74.002797,104,03,1006997503,9902,Chelsea-Hudson Yards,,2025,2025,2025-08-06T00:00:00.000,2022-05-23T00:00:00.000,2025-01-09T00:00:00.000
1V23309,Personnel Hoist,Removed,2015-03-31T00:00:00.000,1089968,Manhattan,514,WEST   28 STREET,699,43,10001,40.751206,-74.002797,104,03,1006997503,9902,Chelsea-Hudson Yards,,,,,,
1P49370,Elevator,Active,2021-02-17T00:00:00.000,1089968,Manhattan,514,WEST   28 STREET,699,43,10001,40.751206,-74.002797,104,03,1006997503,9902,Chelsea-Hudson Yards,,2025,2026,2026-05-27T00:00:00.000,2022-05-25T00:00:00.000,2025-01-09T00:00:00.000
1V23308,Personnel Hoist,Removed,2015-03-31T00:00:00.000,1089968,Manhattan,514,WEST   28 STREET,699,43,10001,40.751206,-74.002797,104,03,1006997503,9902,Chelsea-Hudson Yards,,,,,,
1P49369,Elevator,Active,2021-02-17T00:00:00.000,1089968,Manhattan,514,WEST   28 STREET,699,43,10001,40.751206,-74.002797,104,03,1006997503,9902,Chelsea-Hudson Yards,,2025,2026,2026-05-27T00:00:00.000,2022-05-26T00:00:00.000,2025-01-09T00:00:00.000
1P48506,Elevator,Active,2021-02-17T00:00:00.000,1089968,Manhattan,514,WEST   28 STREET,699,43,10001,40.751206,-74.002797,104,03,1006997503,9902,Chelsea-Hudson Yards,,2025,2026,2026-05-26T00:00:00.000,2022-05-24T00:00:00.000,2025-01-09T00:00:00.000
1P48504,Elevator,Active,2021-02-17T00:00:00.000,1089968,Manhattan,514,WEST   28 STREET,699,43,10001,40.751206,-74.002797,104,03,1006997503,9902,Chelsea-Hudson Yards,,2025,2026,2026-05-26T00:00:00.000,2022-05-23T00:00:00.000,2025-01-09T00:00:00.000
1P49367,Elevator,Active,2021-02-17T00:00:00.000,1089968,Manhattan,514,WEST   28 STREET,699,43,10001,40.751206,-74.002797,104,03,1006997503,9902,Chelsea-Hudson Yards,,2025,2025,2025-08-06T00:00:00.000,2022-05-26T00:00:00.000,2025-01-09T00:00:00.000
1V23354,Personnel Hoist,Removed,2015-05-29T00:00:00.000,1089968,Manhattan,514,WEST   28 STREET,699,43,10001,40.751206,-74.002797,104,03,1006997503,9902,Chelsea-Hudson Yards,,,,,,
1P48507,Elevator,Active,2021-02-17T00:00:00.000,1089968,Manhattan,514,WEST   28 STREET,699,43,10001,40.751206,-74.002797,104,03,1006997503,9902,Chelsea-Hudson Yards,,2025,2026,2026-05-26T00:00:00.000,2022-05-24T00:00:00.000,2025-01-09T00:00:00.000
1P49372,Elevator,Active,2021-02-17T00:00:00.000,1089968,Manhattan,514,WEST   28 STREET,699,43,10001,40.751206,-74.002797,104,03,1006997503,9902,Chelsea-Hudson Yards,,2025,2025,2025-08-06T00:00:00.000,2022-05-26T00:00:00.000,2025-01-09T00:00:00.000
1V22382,Personnel Hoist,Removed,2011-03-22T00:00:00.000,1090411,Manhattan,2300,FREDERICK DOUGLAS BOULEVARD,1929,7504,10027,40.809099,-73.951938,110,09,1019297504,222,Harlem (South),,,,,,
1P46263,Elevator,Active,2020-06-29T00:00:00.000,1090411,Manhattan,2300,FREDERICK DOUGLAS BOULEVARD,1929,7504,10027,40.809099,-73.951938,110,09,1019297504,222,Harlem (South),,2025,2026,2026-05-01T00:00:00.000,2025-08-11T00:00:00.000,2025-01-27T00:00:00.000
1P46108,Elevator,Active,2019-10-07T00:00:00.000,1090411,Manhattan,2296,8 AVENUE,1929,7504,10027,40.809099,-73.951938,110,09,1019297504,222,Harlem (South),,2025,2026,2026-07-16T00:00:00.000,2025-04-30T00:00:00.000,2025-09-05T00:00:00.000
1F10271,Elevator,Active,2011-03-09T00:00:00.000,1090411,Manhattan,2296,8 AVENUE,1929,7504,10027,40.809099,-73.951938,110,09,1019297504,222,Harlem (South),,2025,2026,2026-07-16T00:00:00.000,2025-05-01T00:00:00.000,2025-09-05T00:00:00.000
1P46109,Elevator,Active,2019-10-07T00:00:00.000,1090411,Manhattan,2296,8 AVENUE,1929,7504,10027,40.809099,-73.951938,110,09,1019297504,222,Harlem (South),,2025,2026,2026-07-16T00:00:00.000,2025-05-01T00:00:00.000,2025-09-05T00:00:00.000
1P46240,Elevator,Active,2020-06-29T00:00:00.000,1090411,Manhattan,2300,FREDERICK DOUGLAS BOULEVARD,1929,7504,10027,40.809099,-73.951938,110,09,1019297504,222,Harlem (South),,2025,2026,2026-05-01T00:00:00.000,2025-08-12T00:00:00.000,2025-01-27T00:00:00.000
1V22381,Personnel Hoist,Removed,2011-03-22T00:00:00.000,1090411,Manhattan,2300,FREDERICK DOUGLAS BOULEVARD,1929,7504,10027,40.809099,-73.951938,110,09,1019297504,222,Harlem (South),,,,,,
1P46182,Elevator,Active,2020-06-29T00:00:00.000,1090411,Manhattan,2300,FREDERICK DOUGLAS BOULEVARD,1929,7504,10027,40.809099,-73.951938,110,09,1019297504,222,Harlem (South),,2025,2026,2026-05-01T00:00:00.000,2025-08-11T00:00:00.000,2025-01-27T00:00:00.000
1W0994423,Accessibility Lift,Active,2021-12-31T00:00:00.000,1090411,Manhattan,2300,FREDRICK DOUGLASS BOULEVARD,1929,7504,10027,40.809099,-73.951938,110,09,1019297504,222,Harlem (South),PlatformStairwayChairLifts,,,,2021-12-30T00:00:00.000,
1P46239,Elevator,Active,2020-06-29T00:00:00.000,1090411,Manhattan,2300,FREDERICK DOUGLAS BOULEVARD,1929,7504,10027,40.809099,-73.951938,110,09,1019297504,222,Harlem (South),,2025,2026,2026-05-01T00:00:00.000,2025-08-12T00:00:00.000,2025-01-27T00:00:00.000
1C0995801,Personnel Hoist,Removed,2023-11-16T00:00:00.000,1090764,Manhattan,1230,YORK AVENUE,1480,10,10065,40.763134,-73.956451,108,05,1014800010,116,Upper East Side-Lenox Hill-Roosevelt Island,,,,,,